Geo Point,Geo Shape,prop_id,addresspt1,addressp_1,asset_clas,asset_type,objectid,str_id,addresspt_,model_desc,mcc_id,roadseg_id,descriptio,model_no
"-37.80384165792465, 144.93239283833262","{""coordinates"": [144.93239283833262, -37.80384165792465], ""type"": ""Point""}",0,76.81982435,357,Signage,Sign - Public Transport,355,1235255,570648,Sign - Public Transport 1 Panel,1235255,21673,Sign - Public Transport 1 Panel Bus Stop Type 13,P.16
"-37.81548699581418, 144.9581794249902","{""coordinates"": [144.9581794249902, -37.81548699581418], ""type"": ""Point""}",0,21.56130407,83,Signage,Sign - Public Transport,600,1231226,548056,Sign - Public Transport 1 Panel,1231226,20184,Sign - Public Transport 1 Panel Bus Stop Type 8,P.16
"-37.81353897396532, 144.95728334230756","{""coordinates"": [144.95728334230756, -37.81353897396532], ""type"": ""Point""}",0,42.17718722,207,Signage,Sign - Public Transport,640,1237092,543382,Sign - Public Transport 1 Panel,1237092,20186,Sign - Public Transport 1 Panel Bus Stop Type 8,P.16
"-37.82191394843844, 144.95539345270072","{""coordinates"": [144.95539345270072, -37.82191394843844], ""type"": ""Point""}",0,15.86043382,181,Signage,Sign - Public Transport,918,1232777,103975,Sign - Public Transport 1 Panel,1232777,22174,Sign - Public Transport 1 Panel Bus Stop Type 8,P.16
"-37.83316401267591, 144.97443745130263","{""coordinates"": [144.97443745130263, -37.83316401267591], ""type"": ""Point""}",0,0.0,0,Signage,Sign - Public Transport,1029,1271914,0,Sign - Public Transport 1 Panel,1271914,22708,Sign - Public Transport 1 Panel Bus Stop Type 8,P.16
"-37.79436108568101, 144.92998424529242","{""coordinates"": [144.92998424529242, -37.79436108568101], ""type"": ""Point""}",0,3.10572182,112,Signage,Sign - Public Transport,1139,1577059,616011,Sign - Public Transport 1 Panel,1577059,21693,Sign - Public Transport 1 Panel Bus Stop Type 1,P.16
"-37.817452093555325, 144.96168480565794","{""coordinates"": [144.96168480565794, -37.817452093555325], ""type"": ""Point""}",0,7.23972603,268,Signage,Sign - Public Transport,1263,1481028,527371,Sign - Public Transport 1 Panel,1481028,20171,Sign - Public Transport 1 Panel Bus Stop Type 3,P.16
"-37.82146476463953, 144.9303191551562","{""coordinates"": [144.9303191551562, -37.82146476463953], ""type"": ""Point""}",0,32.18066371,298,Signage,Sign - Public Transport,2527,1245221,110521,Sign - Public Transport 1 Panel,1245221,30638,Sign - Public Transport 1 Panel Bus Stop Type 3,P.16
"-37.837547087144706, 144.98191138368836","{""coordinates"": [144.98191138368836, -37.837547087144706], ""type"": ""Point""}",0,41.44116655,78,Signage,Sign - Public Transport,2922,1248743,107419,Sign - Public Transport 1 Panel,1248743,22245,Sign - Public Transport 1 Panel Bus Stop Type 8,P.16
"-37.812490976626215, 144.95370614040704","{""coordinates"": [144.95370614040704, -37.812490976626215], ""type"": ""Point""}",0,16.14376437,99,Signage,Sign - Public Transport,5111,1253565,602160,Sign - Public Transport 1 Panel,1253565,20030,Sign - Public Transport 1 Panel Bus Stop Type 8,P.16
"-37.80568178285169, 144.9538874178126","{""coordinates"": [144.9538874178126, -37.80568178285169], ""type"": ""Point""}",0,13.19581543,295,Signage,Sign - Public Transport,6253,1257184,533738,Sign - Public Transport 1 Panel,1257184,20951,Sign - Public Transport 1 Panel Bus Stop Type 8,P.16
"-37.81046893573314, 144.95002330947514","{""coordinates"": [144.95002330947514, -37.81046893573314], ""type"": ""Point""}",0,9.84831407,130,Signage,Sign - Public Transport,6308,1253494,608842,Sign - Public Transport 1 Panel,1253494,21486,Sign - Public Transport 1 Panel Bus Stop Type 11,P.16
"-37.8019227781844, 144.91933001451295","{""coordinates"": [144.91933001451295, -37.8019227781844], ""type"": ""Point""}",0,35.06624367,309,Signage,Sign - Public Transport,6407,1235296,102993,Sign - Public Transport 1 Panel,1235296,21680,Sign - Public Transport 1 Panel Bus Stop Type 13,P.16
"-37.79643544425749, 144.95105741007433","{""coordinates"": [144.95105741007433, -37.79643544425749], ""type"": ""Point""}",0,41.43510194,1,Signage,Sign - Public Transport,7621,1250709,104198,Sign - Public Transport 1 Panel,1250709,20921,Sign - Public Transport 1 Panel Bus Stop Type 8,P.16
"-37.81284286140822, 144.95705739709712","{""coordinates"": [144.95705739709712, -37.81284286140822], ""type"": ""Point""}",0,24.10362334,104,Signage,Sign - Public Transport,7768,1568360,110758,Sign - Public Transport 1 Panel,1568360,20186,Sign - Public Transport 1 Panel Bus Stop Type 1,P.16
"-37.82622493578387, 144.96073232156283","{""coordinates"": [144.96073232156283, -37.82622493578387], ""type"": ""Point""}",0,36.61689529,251,Signage,Sign - Public Transport,8972,1240004,110636,Sign - Public Transport 1 Panel,1240004,22043,Sign - Public Transport 1 Panel Bus Stop Type 8,P.16
"-37.80147783382775, 144.91338439418467","{""coordinates"": [144.91338439418467, -37.80147783382775], ""type"": ""Point""}",0,25.22880845,178,Signage,Sign - Public Transport,9717,1235877,102985,Sign - Public Transport 1 Panel,1235877,21683,Sign - Public Transport 1 Panel Bus Stop Type 11,P.16
"-37.81925793836065, 144.96137134270353","{""coordinates"": [144.96137134270353, -37.81925793836065], ""type"": ""Point""}",0,20.83965494,92,Signage,Sign - Public Transport,10046,1245491,627343,Sign - Public Transport 1 Panel,1245491,20218,Sign - Public Transport 1 Panel Bus Stop Type 13,P.16
"-37.823393054989104, 144.9697464050253","{""coordinates"": [144.9697464050253, -37.823393054989104], ""type"": ""Point""}",0,17.58473113,291,Signage,Sign - Public Transport,10991,1239427,566451,Sign - Public Transport 1 Panel,1239427,22080,Sign - Public Transport 1 Panel Bus Stop Type 8,P.16
"-37.79632349721997, 144.94669442099848","{""coordinates"": [144.94669442099848, -37.79632349721997], ""type"": ""Point""}",0,10.89268323,359,Signage,Sign - Public Transport,11027,1249807,500200,Sign - Public Transport 1 Panel,1249807,21232,Sign - Public Transport 1 Panel Bus Stop Type 8,P.16
"-37.82168352630472, 144.96129766991564","{""coordinates"": [144.96129766991564, -37.82168352630472], ""type"": ""Point""}",0,14.41924388,202,Signage,Sign - Public Transport,11296,1233064,570575,Sign - Public Transport 1 Panel,1233064,22563,Sign - Public Transport 1 Panel Bus Stop Type 3,P.16
"-37.80868206462129, 144.94871799084606","{""coordinates"": [144.94871799084606, -37.80868206462129], ""type"": ""Point""}",0,3.71203798,253,Signage,Sign - Public Transport,11572,1256981,108865,Sign - Public Transport 1 Panel,1256981,21423,Sign - Public Transport 1 Panel Bus Stop Type 13,P.16
"-37.80936279878404, 144.95558831833387","{""coordinates"": [144.95558831833387, -37.80936279878404], ""type"": ""Point""}",0,41.78250894,65,Signage,Sign - Public Transport,12010,1448084,514908,Sign - Public Transport 1 Panel,1448084,21528,Sign - Public Transport 1 Panel Bus Stop Type 3,P.16
"-37.79382711275603, 144.9712669861909","{""coordinates"": [144.9712669861909, -37.79382711275603], ""type"": ""Point""}",0,3.80221475,321,Signage,Sign - Public Transport,12205,1234089,108220,Sign - Public Transport 1 Panel,1234089,20639,Sign - Public Transport 1 Panel Bus Stop Type 3,P.16
"-37.80047456029286, 144.91681504215674","{""coordinates"": [144.91681504215674, -37.80047456029286], ""type"": ""Point""}",0,4.80210839,8,Signage,Sign - Public Transport,12390,1579425,105224,Sign - Public Transport 1 Panel,1579425,21843,Sign - Public Transport 1 Panel Bus Stop Type 1,P.16
"-37.80357727969363, 144.93206072785097","{""coordinates"": [144.93206072785097, -37.80357727969363], ""type"": ""Point""}",0,53.3591988,147,Signage,Sign - Public Transport,12777,1579415,103008,Sign - Public Transport 1 Panel,1579415,21675,Sign - Public Transport 1 Panel Bus Stop Type 1,P.16
"-37.81916651372429, 144.96197776773317","{""coordinates"": [144.96197776773317, -37.81916651372429], ""type"": ""Point""}",0,8.68293188,289,Signage,Sign - Public Transport,12946,1345095,639652,Sign - Public Transport 1 Panel,1345095,20218,Sign - Public Transport 1 Panel Bus Stop Type 12,P.16
"-37.80256698905951, 144.96650544429707","{""coordinates"": [144.96650544429707, -37.80256698905951], ""type"": ""Point""}",0,24.94990559,346,Signage,Sign - Public Transport,13491,1240329,627268,Sign - Public Transport 1 Panel,1240329,20528,Sign - Public Transport 1 Panel Bus Stop Type 3,P.16
"-37.82590463494035, 144.9222805585589","{""coordinates"": [144.9222805585589, -37.82590463494035], ""type"": ""Point""}",0,0.0,0,Signage,Sign - Public Transport,14494,1344568,0,Sign - Public Transport 1 Panel,1344568,22149,Sign - Public Transport 1 Panel Bus Stop Type 3,P.16
"-37.828445979568414, 144.96574937670476","{""coordinates"": [144.96574937670476, -37.828445979568414], ""type"": ""Point""}",0,13.31943006,231,Signage,Sign - Public Transport,15159,1239231,110625,Sign - Public Transport 1 Panel,1239231,22118,Sign - Public Transport 1 Panel Bus Stop Type 8,P.16
"-37.82480198399865, 144.97076232908503","{""coordinates"": [144.97076232908503, -37.82480198399865], ""type"": ""Point""}",0,26.35338346,200,Signage,Sign - Public Transport,15210,1239404,540076,Sign - Public Transport 1 Panel,1239404,22466,Sign - Public Transport 1 Panel Bus Stop Type 8,P.16
"-37.793085802097636, 144.97495851135966","{""coordinates"": [144.97495851135966, -37.793085802097636], ""type"": ""Point""}",0,13.45065798,218,Signage,Sign - Public Transport,15742,1247701,109095,Sign - Public Transport 1 Panel,1247701,20627,Sign - Public Transport 1 Panel Bus Stop Type 11,P.16
"-37.81313468607944, 144.9517210522907","{""coordinates"": [144.9517210522907, -37.81313468607944], ""type"": ""Point""}",0,13.98277844,334,Signage,Sign - Public Transport,17843,1253576,562944,Sign - Public Transport 1 Panel,1253576,20030,Sign - Public Transport 1 Panel Bus Stop Type 8,P.16
"-37.79779448884971, 144.94406544679455","{""coordinates"": [144.94406544679455, -37.79779448884971], ""type"": ""Point""}",0,10.68317055,95,Signage,Sign - Public Transport,18489,1234412,108727,Sign - Public Transport 1 Panel,1234412,21214,Sign - Public Transport 1 Panel Bus Stop Type 12,P.16
"-37.80139083296643, 144.95672641628454","{""coordinates"": [144.95672641628454, -37.80139083296643], ""type"": ""Point""}",0,21.69632172,213,Signage,Sign - Public Transport,19093,1248470,107520,Sign - Public Transport 1 Panel,1248470,20594,Sign - Public Transport 1 Panel Bus Stop Type 8,P.16
"-37.836019039493614, 144.9755123427878","{""coordinates"": [144.9755123427878, -37.836019039493614], ""type"": ""Point""}",0,29.14203081,30,Signage,Sign - Public Transport,19695,1255342,529564,Sign - Public Transport 1 Panel,1255342,22470,Sign - Public Transport 1 Panel Bus Stop Type 8,P.16
"-37.77939815716074, 144.9601599346738","{""coordinates"": [144.9601599346738, -37.77939815716074], ""type"": ""Point""}",0,39.94329877,175,Signage,Sign - Public Transport,19799,1252358,108524,Sign - Public Transport 1 Panel,1252358,22393,Sign - Public Transport 1 Panel Bus Stop Type 8,P.16
"-37.83654500710552, 144.98680793880067","{""coordinates"": [144.98680793880067, -37.83654500710552], ""type"": ""Point""}",0,17.18439679,89,Signage,Sign - Public Transport,20193,1248655,107820,Sign - Public Transport 1 Panel,1248655,22300,Sign - Public Transport 1 Panel Bus Stop Type 3,P.16
"-37.81496421167442, 144.9523146850266","{""coordinates"": [144.9523146850266, -37.81496421167442], ""type"": ""Point""}",0,25.38230139,242,Signage,Sign - Public Transport,20421,1253844,611234,Sign - Public Transport 1 Panel,1253844,20077,Sign - Public Transport 1 Panel Bus Stop Type 8,P.16
"-37.78766752944717, 144.95913336071771","{""coordinates"": [144.95913336071771, -37.78766752944717], ""type"": ""Point""}",0,53.92558496,132,Signage,Sign - Public Transport,20790,1252331,529045,Sign - Public Transport 1 Panel,1252331,22433,Sign - Public Transport 1 Panel Bus Stop Type 8,P.16
"-37.83597702837875, 144.98205678049507","{""coordinates"": [144.98205678049507, -37.83597702837875], ""type"": ""Point""}",0,5.68280996,239,Signage,Sign - Public Transport,20985,1248730,107374,Sign - Public Transport 1 Panel,1248730,22730,Sign - Public Transport 1 Panel Bus Stop Type 8,P.16
"-37.81888176511253, 144.95412220092587","{""coordinates"": [144.95412220092587, -37.81888176511253], ""type"": ""Point""}",0,14.34503015,58,Signage,Sign - Public Transport,21204,1246971,579287,Sign - Public Transport 1 Panel,1246971,20071,Sign - Public Transport 1 Panel Bus Stop Type 8,P.16
"-37.815867567322975, 144.95824209522883","{""coordinates"": [144.95824209522883, -37.815867567322975], ""type"": ""Point""}",0,63.64203904,94,Signage,Sign - Public Transport,21874,1236808,548056,Sign - Public Transport 1 Panel,1236808,20183,Sign - Public Transport 1 Panel Bus Stop Type 8,P.16
"-37.823554040273095, 144.96766430983428","{""coordinates"": [144.96766430983428, -37.823554040273095], ""type"": ""Point""}",0,67.68289635,218,Signage,Sign - Public Transport,22281,1239533,567779,Sign - Public Transport 1 Panel,1239533,22080,Sign - Public Transport 1 Panel Bus Stop Type 8,P.16
"-37.85056307604563, 144.98401830869636","{""coordinates"": [144.98401830869636, -37.85056307604563], ""type"": ""Point""}",0,0.0,0,Signage,Sign - Public Transport,22793,1255226,0,Sign - Public Transport 1 Panel,1255226,22479,Sign - Public Transport 1 Panel Bus Stop Type 8,P.16
"-37.79443959174042, 144.9295031556217","{""coordinates"": [144.9295031556217, -37.79443959174042], ""type"": ""Point""}",0,2.82667366,299,Signage,Sign - Public Transport,23024,1577042,106320,Sign - Public Transport 1 Panel,1577042,21693,Sign - Public Transport 1 Panel Bus Stop Type 1,P.16
"-37.845617997463314, 144.98485133091194","{""coordinates"": [144.98485133091194, -37.845617997463314], ""type"": ""Point""}",0,19.56622421,267,Signage,Sign - Public Transport,23114,1254948,645774,Sign - Public Transport 1 Panel,1254948,22308,Sign - Public Transport 1 Panel Bus Stop Type 8,P.16
"-37.82267609025617, 144.9360672354294","{""coordinates"": [144.9360672354294, -37.82267609025617], ""type"": ""Point""}",627016,6.57193564,345,Signage,Sign - Public Transport,23554,1257292,596486,Sign - Public Transport 1 Panel,1257292,0,Sign - Public Transport 1 Panel Bus Stop Type 3,P.16
"-37.78840737180099, 144.94100543358434","{""coordinates"": [144.94100543358434, -37.78840737180099], ""type"": ""Point""}",0,34.55825279,22,Signage,Sign - Public Transport,24568,1243923,101994,Sign - Public Transport 1 Panel,1243923,22426,Sign - Public Transport 1 Panel Bus Stop Type 8,P.16
"-37.82158676896336, 144.9299851550984","{""coordinates"": [144.9299851550984, -37.82158676896336], ""type"": ""Point""}",0,6.0340097,200,Signage,Sign - Public Transport,25432,1245224,110520,Sign - Public Transport 1 Panel,1245224,22158,Sign - Public Transport 1 Panel Bus Stop Type 3,P.16
"-37.81807935853138, 144.96572070652604","{""coordinates"": [144.96572070652604, -37.81807935853138], ""type"": ""Point""}",0,28.00392951,126,Signage,Sign - Public Transport,26488,1560832,604383,Sign - Public Transport 1 Panel,1560832,20214,Sign - Public Transport 1 Panel Bus Stop Type 1,P.16
"-37.797718982545234, 144.97371355429843","{""coordinates"": [144.97371355429843, -37.797718982545234], ""type"": ""Point""}",0,27.13230305,262,Signage,Sign - Public Transport,26637,1241410,103056,Sign - Public Transport 1 Panel,1241410,20597,Sign - Public Transport 1 Panel Bus Stop Type 3,P.16
"-37.817826903011145, 144.95914143862726","{""coordinates"": [144.95914143862726, -37.817826903011145], ""type"": ""Point""}",0,37.0409387,135,Signage,Sign - Public Transport,26870,1245321,507646,Sign - Public Transport 1 Panel,1245321,20181,Sign - Public Transport 1 Panel Bus Stop Type 8,P.16
"-37.81441952750176, 144.9544447576371","{""coordinates"": [144.9544447576371, -37.81441952750176], ""type"": ""Point""}",0,32.15648272,259,Signage,Sign - Public Transport,26969,1477822,105716,Sign - Public Transport 1 Panel,1477822,20014,Sign - Public Transport 1 Panel Bus Stop Type 8,P.16
"-37.81101801255496, 144.95912232576214","{""coordinates"": [144.95912232576214, -37.81101801255496], ""type"": ""Point""}",0,21.70019438,280,Signage,Sign - Public Transport,27098,1237229,527567,Sign - Public Transport 1 Panel,1237229,20024,Sign - Public Transport 1 Panel Bus Stop Type 8,P.16
"-37.82824301520561, 144.97131044726999","{""coordinates"": [144.97131044726999, -37.82824301520561], ""type"": ""Point""}",0,0.0,0,Signage,Sign - Public Transport,28118,1239035,0,Sign - Public Transport 1 Panel,1239035,22704,Sign - Public Transport 1 Panel Bus Stop Type 8,P.16
"-37.79958533655315, 144.9576673729389","{""coordinates"": [144.9576673729389, -37.79958533655315], ""type"": ""Point""}",0,53.64351101,290,Signage,Sign - Public Transport,28127,1233941,633969,Sign - Public Transport 1 Panel,1233941,22514,Sign - Public Transport 1 Panel Bus Stop Type 8,P.16
"-37.81313468607944, 144.9517210522907","{""coordinates"": [144.9517210522907, -37.81313468607944], ""type"": ""Point""}",0,13.98277844,334,Signage,Sign - Public Transport,28440,1252887,562944,Sign - Public Transport 1 Panel,1252887,20030,Sign - Public Transport 1 Panel Bus Stop Type 8,P.16
"-37.82692534062149, 144.90290267710523","{""coordinates"": [144.90290267710523, -37.82692534062149], ""type"": ""Point""}",0,43.26397154,226,Signage,Sign - Public Transport,29149,1244907,580037,Sign - Public Transport 1 Panel,1244907,22168,Sign - Public Transport 1 Panel Bus Stop Type 3,P.16
"-37.797767642321304, 144.9741533290422","{""coordinates"": [144.9741533290422, -37.797767642321304], ""type"": ""Point""}",0,29.23997683,241,Signage,Sign - Public Transport,29611,1547409,103052,Sign - Public Transport 1 Panel,1547409,20597,Sign - Public Transport 1 Panel Bus Stop Type 3,P.16
"-37.8026621513541, 144.96975397673893","{""coordinates"": [144.96975397673893, -37.8026621513541], ""type"": ""Point""}",0,46.16875812,120,Signage,Sign - Public Transport,30149,1479412,528461,Sign - Public Transport 1 Panel,1479412,20558,Sign - Public Transport 1 Panel Bus Stop Type 3,P.16
"-37.799222676258466, 144.95073019282864","{""coordinates"": [144.95073019282864, -37.799222676258466], ""type"": ""Point""}",0,53.80754171,331,Signage,Sign - Public Transport,30396,1576816,508949,Sign - Public Transport 1 Panel,1576816,22684,Sign - Public Transport 1 Panel Bus Stop Type 1,P.16
"-37.789581766621325, 144.9688057046247","{""coordinates"": [144.9688057046247, -37.789581766621325], ""type"": ""Point""}",0,0.0,0,Signage,Sign - Public Transport,31096,1252544,0,Sign - Public Transport 1 Panel,1252544,22508,Sign - Public Transport 1 Panel Bus Stop Type 8,P.16
"-37.83180250187986, 144.9717147014062","{""coordinates"": [144.9717147014062, -37.83180250187986], ""type"": ""Point""}",0,0.0,0,Signage,Sign - Public Transport,31499,1249156,0,Sign - Public Transport 1 Panel,1249156,22467,Sign - Public Transport 1 Panel Bus Stop Type 13,P.16
"-37.82311374998954, 144.9370368413254","{""coordinates"": [144.9370368413254, -37.82311374998954], ""type"": ""Point""}",0,30.2906768,88,Signage,Sign - Public Transport,32010,1261560,637409,Sign - Public Transport 1 Panel,1261560,22131,Sign - Public Transport 1 Panel Bus Stop Type 3,P.16
"-37.82357696553344, 144.97021045708078","{""coordinates"": [144.97021045708078, -37.82357696553344], ""type"": ""Point""}",0,35.24283401,175,Signage,Sign - Public Transport,32385,1239395,566451,Sign - Public Transport 1 Panel,1239395,22466,Sign - Public Transport 1 Panel Bus Stop Type 8,P.16
"-37.79828271711812, 144.9206180551749","{""coordinates"": [144.9206180551749, -37.79828271711812], ""type"": ""Point""}",0,17.94134959,130,Signage,Sign - Public Transport,33087,1235578,559172,Sign - Public Transport 1 Panel,1235578,21845,Sign - Public Transport 1 Panel Bus Stop Type 12,P.16
"-37.80581892901135, 144.95574943791024","{""coordinates"": [144.95574943791024, -37.80581892901135], ""type"": ""Point""}",0,13.61319889,118,Signage,Sign - Public Transport,33808,1257172,109829,Sign - Public Transport 1 Panel,1257172,20953,Sign - Public Transport 1 Panel Bus Stop Type 8,P.16
"-37.795242474806884, 144.94679942011058","{""coordinates"": [144.94679942011058, -37.795242474806884], ""type"": ""Point""}",0,18.06322576,225,Signage,Sign - Public Transport,34067,1249773,100076,Sign - Public Transport 1 Panel,1249773,21232,Sign - Public Transport 1 Panel Bus Stop Type 8,P.16
"-37.77697303920087, 144.94970928774234","{""coordinates"": [144.94970928774234, -37.77697303920087], ""type"": ""Point""}",0,36.15520837,163,Signage,Sign - Public Transport,35126,1244488,639767,Sign - Public Transport 1 Panel,1244488,30708,Sign - Public Transport 1 Panel Bus Stop Type 8,P.16
"-37.79836645634628, 144.94459154393613","{""coordinates"": [144.94459154393613, -37.79836645634628], ""type"": ""Point""}",0,33.08519101,348,Signage,Sign - Public Transport,35336,1249845,104584,Sign - Public Transport 1 Panel,1249845,21166,Sign - Public Transport 1 Panel Bus Stop Type 12,P.16
"-37.83884804951157, 144.97654745650496","{""coordinates"": [144.97654745650496, -37.83884804951157], ""type"": ""Point""}",0,63.68983374,311,Signage,Sign - Public Transport,35673,1255102,545595,Sign - Public Transport 1 Panel,1255102,22472,Sign - Public Transport 1 Panel Bus Stop Type 8,P.16
"-37.79575422957359, 144.95827417192294","{""coordinates"": [144.95827417192294, -37.79575422957359], ""type"": ""Point""}",0,53.11278613,158,Signage,Sign - Public Transport,35677,1579927,108456,Sign - Public Transport 1 Panel,1579927,22603,Sign - Public Transport 1 Panel Bus Stop Type 1,P.16
"-37.812490976626215, 144.95370614040704","{""coordinates"": [144.95370614040704, -37.812490976626215], ""type"": ""Point""}",0,16.14376437,99,Signage,Sign - Public Transport,36376,1252885,602160,Sign - Public Transport 1 Panel,1252885,20030,Sign - Public Transport 1 Panel Bus Stop Type 8,P.16
"-37.81389991110184, 144.95734143620206","{""coordinates"": [144.95734143620206, -37.81389991110184], ""type"": ""Point""}",0,16.88512037,251,Signage,Sign - Public Transport,36659,1231223,110101,Sign - Public Transport 1 Panel,1231223,20185,Sign - Public Transport 1 Panel Bus Stop Type 8,P.16
"-37.81689800649741, 144.9618384108209","{""coordinates"": [144.9618384108209, -37.81689800649741], ""type"": ""Point""}",0,24.66895752,72,Signage,Sign - Public Transport,36738,1236979,579386,Sign - Public Transport 1 Panel,1236979,20114,Sign - Public Transport 1 Panel Bus Stop Type 8,P.16
"-37.800676522454324, 144.94582553723103","{""coordinates"": [144.94582553723103, -37.800676522454324], ""type"": ""Point""}",0,23.36010884,320,Signage,Sign - Public Transport,36745,1251360,100115,Sign - Public Transport 1 Panel,1251360,22681,Sign - Public Transport 1 Panel Bus Stop Type 8,P.16
"-37.809284824359445, 144.9519620478619","{""coordinates"": [144.9519620478619, -37.809284824359445], ""type"": ""Point""}",0,7.60575447,69,Signage,Sign - Public Transport,36984,1253512,546268,Sign - Public Transport 1 Panel,1253512,21413,Sign - Public Transport 1 Panel Bus Stop Type 11,P.16
"-37.81157690963881, 144.9563833753157","{""coordinates"": [144.9563833753157, -37.81157690963881], ""type"": ""Point""}",0,16.46017017,70,Signage,Sign - Public Transport,37251,1252698,644826,Sign - Public Transport 1 Panel,1252698,21519,Sign - Public Transport 1 Panel Bus Stop Type 8,P.16
"-37.79520927466022, 144.92595354542772","{""coordinates"": [144.92595354542772, -37.79520927466022], ""type"": ""Point""}",0,18.31076645,141,Signage,Sign - Public Transport,37666,1370844,105248,Sign - Public Transport 1 Panel,1370844,21749,Sign - Public Transport 1 Panel Bus Stop Type 12,P.16
"-37.801527048931604, 144.9567967131992","{""coordinates"": [144.9567967131992, -37.801527048931604], ""type"": ""Point""}",0,24.91047603,173,Signage,Sign - Public Transport,37802,1248528,107520,Sign - Public Transport 1 Panel,1248528,20594,Sign - Public Transport 1 Panel Bus Stop Type 8,P.16
"-37.79731310405415, 144.967955914192","{""coordinates"": [144.967955914192, -37.79731310405415], ""type"": ""Point""}",0,10.9808405,336,Signage,Sign - Public Transport,37956,1240839,103108,Sign - Public Transport 1 Panel,1240839,20689,Sign - Public Transport 1 Panel Bus Stop Type 3,P.16
"-37.80365281271108, 144.9564163595527","{""coordinates"": [144.9564163595527, -37.80365281271108], ""type"": ""Point""}",0,18.16455397,21,Signage,Sign - Public Transport,38386,1248457,589314,Sign - Public Transport 1 Panel,1248457,20942,Sign - Public Transport 1 Panel Bus Stop Type 8,P.16
"-37.84529099706835, 144.9822703144505","{""coordinates"": [144.9822703144505, -37.84529099706835], ""type"": ""Point""}",0,0.0,0,Signage,Sign - Public Transport,39976,1254921,0,Sign - Public Transport 1 Panel,1254921,22308,Sign - Public Transport 1 Panel Bus Stop Type 8,P.16
"-37.8010481279157, 144.9534576515341","{""coordinates"": [144.9534576515341, -37.8010481279157], ""type"": ""Point""}",0,24.9969919,38,Signage,Sign - Public Transport,40039,1576502,110262,Sign - Public Transport 1 Panel,1576502,21124,Sign - Public Transport 1 Panel Bus Stop Type 1,P.16
"-37.82183999762308, 144.91339835942287","{""coordinates"": [144.91339835942287, -37.82183999762308], ""type"": ""Point""}",0,98.32660753,199,Signage,Sign - Public Transport,40048,1244875,110506,Sign - Public Transport 1 Panel,1244875,22162,Sign - Public Transport 1 Panel Bus Stop Type 3,P.16
"-37.79790612032, 144.9705713015547","{""coordinates"": [144.9705713015547, -37.79790612032], ""type"": ""Point""}",0,26.30246726,335,Signage,Sign - Public Transport,40180,1479426,106271,Sign - Public Transport 1 Panel,1479426,20563,Sign - Public Transport 1 Panel Bus Stop Type 3,P.16
"-37.79820340709036, 144.92045435450206","{""coordinates"": [144.92045435450206, -37.79820340709036], ""type"": ""Point""}",0,2.34400704,133,Signage,Sign - Public Transport,40964,1370992,569239,Sign - Public Transport 1 Panel,1370992,21845,Sign - Public Transport 1 Panel Bus Stop Type 12,P.16
"-37.787760777855524, 144.9253892133351","{""coordinates"": [144.9253892133351, -37.787760777855524], ""type"": ""Point""}",0,52.27276699,342,Signage,Sign - Public Transport,41353,1491448,618547,Sign - Public Transport 1 Panel,1491448,23146,Sign - Public Transport 1 Panel Bus Stop Type 8,P.16
"-37.82565495609574, 144.96017643000502","{""coordinates"": [144.96017643000502, -37.82565495609574], ""type"": ""Point""}",0,33.5189726,72,Signage,Sign - Public Transport,42750,1239918,108053,Sign - Public Transport 1 Panel,1239918,22042,Sign - Public Transport 1 Panel Bus Stop Type 8,P.16
"-37.804610872159635, 144.9691537208721","{""coordinates"": [144.9691537208721, -37.804610872159635], ""type"": ""Point""}",0,4.34256802,143,Signage,Sign - Public Transport,42881,1479404,108156,Sign - Public Transport 1 Panel,1479404,20556,Sign - Public Transport 1 Panel Bus Stop Type 3,P.16
"-37.82359653225718, 144.96952122205516","{""coordinates"": [144.96952122205516, -37.82359653225718], ""type"": ""Point""}",0,26.33672928,14,Signage,Sign - Public Transport,43889,1239499,566451,Sign - Public Transport 1 Panel,1239499,22080,Sign - Public Transport 1 Panel Bus Stop Type 11,P.16
"-37.803251103562474, 144.92985291146388","{""coordinates"": [144.92985291146388, -37.803251103562474], ""type"": ""Point""}",0,24.64426045,100,Signage,Sign - Public Transport,43908,1579414,103003,Sign - Public Transport 1 Panel,1579414,21675,Sign - Public Transport 1 Panel Bus Stop Type 1,P.16
"-37.79624528473142, 144.9241544090541","{""coordinates"": [144.9241544090541, -37.79624528473142], ""type"": ""Point""}",0,32.73621458,176,Signage,Sign - Public Transport,43934,1235586,561739,Sign - Public Transport 1 Panel,1235586,21844,Sign - Public Transport 1 Panel Bus Stop Type 12,P.16
"-37.79987669561117, 144.9500539642789","{""coordinates"": [144.9500539642789, -37.79987669561117], ""type"": ""Point""}",0,5.4150398,226,Signage,Sign - Public Transport,44096,1576818,103446,Sign - Public Transport 1 Panel,1576818,21176,Sign - Public Transport 1 Panel Bus Stop Type 1,P.16
"-37.822043457134946, 144.9612717467519","{""coordinates"": [144.9612717467519, -37.822043457134946], ""type"": ""Point""}",0,21.87089283,48,Signage,Sign - Public Transport,44103,1233069,108040,Sign - Public Transport 1 Panel,1233069,22184,Sign - Public Transport 1 Panel Bus Stop Type 8,P.16
"-37.84636998833038, 144.98481744885754","{""coordinates"": [144.98481744885754, -37.84636998833038], ""type"": ""Point""}",0,63.9730963,90,Signage,Sign - Public Transport,44170,1255248,645774,Sign - Public Transport 1 Panel,1255248,22481,Sign - Public Transport 1 Panel Bus Stop Type 3,P.16
"-37.810346877102674, 144.96112338314163","{""coordinates"": [144.96112338314163, -37.810346877102674], ""type"": ""Point""}",0,16.41454879,161,Signage,Sign - Public Transport,44287,1238870,660997,Sign - Public Transport 1 Panel,1238870,20024,Sign - Public Transport 1 Panel Bus Stop Type 8,P.16
"-37.79755334862349, 144.97488727650415","{""coordinates"": [144.97488727650415, -37.79755334862349], ""type"": ""Point""}",0,75.22761474,225,Signage,Sign - Public Transport,44401,1247562,511049,Sign - Public Transport 1 Panel,1247562,20880,Sign - Public Transport 1 Panel Bus Stop Type 8,P.16
"-37.7874453383767, 144.92185552555435","{""coordinates"": [144.92185552555435, -37.7874453383767], ""type"": ""Point""}",0,0.0,0,Signage,Sign - Public Transport,303,1581210,0,Sign - Public Transport 1 Panel,1581210,23147,Sign - Public Transport 1 Panel Bus Stop Type 8,P.16
"-37.81624692265885, 144.9638133817537","{""coordinates"": [144.9638133817537, -37.81624692265885], ""type"": ""Point""}",0,37.37639771,102,Signage,Sign - Public Transport,434,1236981,511385,Sign - Public Transport 1 Panel,1236981,20114,Sign - Public Transport 1 Panel Bus Stop Type 8,P.16
"-37.79676938692483, 144.95134039251514","{""coordinates"": [144.95134039251514, -37.79676938692483], ""type"": ""Point""}",0,32.27346068,265,Signage,Sign - Public Transport,519,1250659,103829,Sign - Public Transport 1 Panel,1250659,22312,Sign - Public Transport 1 Panel Bus Stop Type 8,P.16
"-37.83831808208453, 144.9764223997089","{""coordinates"": [144.9764223997089, -37.83831808208453], ""type"": ""Point""}",0,0.0,0,Signage,Sign - Public Transport,671,1255101,0,Sign - Public Transport 1 Panel,1255101,22472,Sign - Public Transport 1 Panel Bus Stop Type 13,P.16
"-37.84338100233517, 144.98539837705636","{""coordinates"": [144.98539837705636, -37.84338100233517], ""type"": ""Point""}",0,11.91171931,253,Signage,Sign - Public Transport,1388,1257495,107788,Sign - Public Transport 1 Panel,1257495,22755,Sign - Public Transport 1 Panel Bus Stop Type 3,P.16
"-37.78793737975755, 144.95889110591565","{""coordinates"": [144.95889110591565, -37.78793737975755], ""type"": ""Point""}",0,25.23462908,211,Signage,Sign - Public Transport,1986,1252402,529044,Sign - Public Transport 1 Panel,1252402,22434,Sign - Public Transport 1 Panel Bus Stop Type 8,P.16
"-37.81925793836065, 144.96137134270353","{""coordinates"": [144.96137134270353, -37.81925793836065], ""type"": ""Point""}",0,20.83965494,92,Signage,Sign - Public Transport,2172,1245490,627343,Sign - Public Transport 1 Panel,1245490,20218,Sign - Public Transport 1 Panel Bus Stop Type 8,P.16
"-37.81101801255496, 144.95912232576214","{""coordinates"": [144.95912232576214, -37.81101801255496], ""type"": ""Point""}",0,21.70019438,280,Signage,Sign - Public Transport,2416,1237228,527567,Sign - Public Transport 1 Panel,1237228,20024,Sign - Public Transport 1 Panel Bus Stop Type 8,P.16
"-37.79968851043426, 144.9639691590254","{""coordinates"": [144.9639691590254, -37.79968851043426], ""type"": ""Point""}",0,77.70795407,63,Signage,Sign - Public Transport,2661,1577586,597993,Sign - Public Transport 1 Panel,1577586,20490,Sign - Public Transport 1 Panel Bus Stop Type 1,P.16
"-37.83823498213684, 144.98640745831867","{""coordinates"": [144.98640745831867, -37.83823498213684], ""type"": ""Point""}",0,40.03267327,80,Signage,Sign - Public Transport,3218,1254835,107815,Sign - Public Transport 1 Panel,1254835,22221,Sign - Public Transport 1 Panel Bus Stop Type 8,P.16
"-37.792870646661946, 144.9582953024578","{""coordinates"": [144.9582953024578, -37.792870646661946], ""type"": ""Point""}",0,24.74038894,190,Signage,Sign - Public Transport,4333,1579790,108487,Sign - Public Transport 1 Panel,1579790,22607,Sign - Public Transport 1 Panel Bus Stop Type 1,P.16
"-37.800722007959905, 144.95348448450386","{""coordinates"": [144.95348448450386, -37.800722007959905], ""type"": ""Point""}",0,3.92515286,172,Signage,Sign - Public Transport,4750,1576516,110256,Sign - Public Transport 1 Panel,1576516,21124,Sign - Public Transport 1 Panel Bus Stop Type 1,P.16
"-37.80000725498236, 144.96097934573706","{""coordinates"": [144.96097934573706, -37.80000725498236], ""type"": ""Point""}",0,39.38772297,296,Signage,Sign - Public Transport,5005,1575590,518481,Sign - Public Transport 1 Panel,1575590,20461,Sign - Public Transport 1 Panel Bus Stop Type 1,P.16
"-37.83058895642065, 144.9650184564616","{""coordinates"": [144.9650184564616, -37.83058895642065], ""type"": ""Point""}",0,73.39741779,77,Signage,Sign - Public Transport,5923,1239188,110628,Sign - Public Transport 1 Panel,1239188,22116,Sign - Public Transport 1 Panel Bus Stop Type 8,P.16
"-37.807815885141665, 144.91663837870203","{""coordinates"": [144.91663837870203, -37.807815885141665], ""type"": ""Point""}",0,80.95956349,127,Signage,Sign - Public Transport,6298,1236305,104048,Sign - Public Transport 1 Panel,1236305,22443,Sign - Public Transport 1 Panel Bus Stop Type 11,P.16
"-37.82145285696462, 144.9209121892264","{""coordinates"": [144.9209121892264, -37.82145285696462], ""type"": ""Point""}",0,23.65519742,197,Signage,Sign - Public Transport,6336,1245016,110594,Sign - Public Transport 1 Panel,1245016,22159,Sign - Public Transport 1 Panel Bus Stop Type 3,P.16
"-37.82623998153476, 144.91149945587298","{""coordinates"": [144.91149945587298, -37.82623998153476], ""type"": ""Point""}",0,0.0,0,Signage,Sign - Public Transport,6530,1244808,0,Sign - Public Transport 1 Panel,1244808,22164,Sign - Public Transport 1 Panel Bus Stop Type 3,P.16
"-37.81178098838014, 144.9561942988128","{""coordinates"": [144.9561942988128, -37.81178098838014], ""type"": ""Point""}",0,40.68803565,348,Signage,Sign - Public Transport,7339,1253543,110759,Sign - Public Transport 1 Panel,1253543,20028,Sign - Public Transport 1 Panel Bus Stop Type 8,P.16
"-37.80272091766867, 144.92513555545514","{""coordinates"": [144.92513555545514, -37.80272091766867], ""type"": ""Point""}",0,90.53917343,158,Signage,Sign - Public Transport,7745,1578570,110970,Sign - Public Transport 1 Panel,1578570,21680,Sign - Public Transport 1 Panel Bus Stop Type 1,P.16
"-37.83405494639031, 144.98241640093377","{""coordinates"": [144.98241640093377, -37.83405494639031], ""type"": ""Point""}",0,3.29817904,15,Signage,Sign - Public Transport,7851,1253269,111292,Sign - Public Transport 1 Panel,1253269,22227,Sign - Public Transport 1 Panel Bus Stop Type 8,P.16
"-37.79729882559638, 144.92232895104533","{""coordinates"": [144.92232895104533, -37.79729882559638], ""type"": ""Point""}",0,20.8487637,32,Signage,Sign - Public Transport,8099,1235581,517639,Sign - Public Transport 1 Panel,1235581,21844,Sign - Public Transport 1 Panel Bus Stop Type 12,P.16
"-37.82500188553457, 144.95694945167727","{""coordinates"": [144.95694945167727, -37.82500188553457], ""type"": ""Point""}",0,85.1697911,277,Signage,Sign - Public Transport,8264,1232805,622450,Sign - Public Transport 1 Panel,1232805,22454,Sign - Public Transport 1 Panel Bus Stop Type 8,P.16
"-37.83016114540094, 144.90032361713372","{""coordinates"": [144.90032361713372, -37.83016114540094], ""type"": ""Point""}",0,30.36664489,325,Signage,Sign - Public Transport,8770,1244952,617233,Sign - Public Transport 1 Panel,1244952,22168,Sign - Public Transport 1 Panel Bus Stop Type 3,P.16
"-37.792625873556105, 144.9707824588029","{""coordinates"": [144.9707824588029, -37.792625873556105], ""type"": ""Point""}",0,63.9429482,349,Signage,Sign - Public Transport,8772,1253133,600791,Sign - Public Transport 1 Panel,1253133,20643,Sign - Public Transport 1 Panel Bus Stop Type 11,P.16
"-37.79859348300079, 144.94845845599968","{""coordinates"": [144.94845845599968, -37.79859348300079], ""type"": ""Point""}",0,42.16823981,297,Signage,Sign - Public Transport,8970,1249876,638970,Sign - Public Transport 1 Panel,1249876,21168,Sign - Public Transport 1 Panel Bus Stop Type 12,P.16
"-37.800561849475905, 144.96449089849344","{""coordinates"": [144.96449089849344, -37.800561849475905], ""type"": ""Point""}",0,32.12911779,42,Signage,Sign - Public Transport,9175,1575585,104469,Sign - Public Transport 1 Panel,1575585,22506,Sign - Public Transport 1 Panel Bus Stop Type 1,P.16
"-37.80570689100192, 144.9560804373352","{""coordinates"": [144.9560804373352, -37.80570689100192], ""type"": ""Point""}",0,17.476656,336,Signage,Sign - Public Transport,9652,1248450,533963,Sign - Public Transport 1 Panel,1248450,20937,Sign - Public Transport 1 Panel Bus Stop Type 8,P.16
"-37.79509600016651, 144.9365369758595","{""coordinates"": [144.9365369758595, -37.79509600016651], ""type"": ""Point""}",0,12.01896372,5,Signage,Sign - Public Transport,10200,1574992,617411,Sign - Public Transport 1 Panel,1574992,21319,Sign - Public Transport 1 Panel Bus Stop Type 5,P.16
"-37.823481893825324, 144.9606983135566","{""coordinates"": [144.9606983135566, -37.823481893825324], ""type"": ""Point""}",0,31.49553995,294,Signage,Sign - Public Transport,10941,1232894,539457,Sign - Public Transport 1 Panel,1232894,22057,Sign - Public Transport 1 Panel Bus Stop Type 8,P.16
"-37.82376089286155, 144.92141534380514","{""coordinates"": [144.92141534380514, -37.82376089286155], ""type"": ""Point""}",0,0.0,0,Signage,Sign - Public Transport,11191,1245077,0,Sign - Public Transport 1 Panel,1245077,22159,Sign - Public Transport 1 Panel Bus Stop Type 3,P.16
"-37.81746488575314, 144.95908336349078","{""coordinates"": [144.95908336349078, -37.81746488575314], ""type"": ""Point""}",0,20.71634084,7,Signage,Sign - Public Transport,11488,1236806,102122,Sign - Public Transport 1 Panel,1236806,20182,Sign - Public Transport 1 Panel Bus Stop Type 8,P.16
"-37.82168352630472, 144.96129766991564","{""coordinates"": [144.96129766991564, -37.82168352630472], ""type"": ""Point""}",0,14.41924388,202,Signage,Sign - Public Transport,11741,1233065,570575,Sign - Public Transport 1 Panel,1233065,22563,Sign - Public Transport 1 Panel Bus Stop Type 8,P.16
"-37.82190993188825, 144.93242660517498","{""coordinates"": [144.93242660517498, -37.82190993188825], ""type"": ""Point""}",561106,12.03928279,167,Signage,Sign - Public Transport,12063,1257294,561106,Sign - Public Transport 1 Panel,1257294,0,Sign - Public Transport 1 Panel Bus Stop Type 3,P.16
"-37.809816573755754, 144.9499300369178","{""coordinates"": [144.9499300369178, -37.809816573755754], ""type"": ""Point""}",0,3.21489549,7,Signage,Sign - Public Transport,13146,1257044,108946,Sign - Public Transport 1 Panel,1257044,21417,Sign - Public Transport 1 Panel Bus Stop Type 13,P.16
"-37.8338230491092, 144.9795143710974","{""coordinates"": [144.9795143710974, -37.8338230491092], ""type"": ""Point""}",0,6.94297602,188,Signage,Sign - Public Transport,13242,1253284,111370,Sign - Public Transport 1 Panel,1253284,22225,Sign - Public Transport 1 Panel Bus Stop Type 8,P.16
"-37.79540178497472, 144.95784312709472","{""coordinates"": [144.95784312709472, -37.79540178497472], ""type"": ""Point""}",0,9.30560783,187,Signage,Sign - Public Transport,13613,1579768,108458,Sign - Public Transport 1 Panel,1579768,22363,Sign - Public Transport 1 Panel Bus Stop Type 1,P.16
"-37.78171322662849, 144.95986499626397","{""coordinates"": [144.95986499626397, -37.78171322662849], ""type"": ""Point""}",0,43.85386076,148,Signage,Sign - Public Transport,13819,1252350,529140,Sign - Public Transport 1 Panel,1252350,22386,Sign - Public Transport 1 Panel Bus Stop Type 8,P.16
"-37.79897960292701, 144.96712273999506","{""coordinates"": [144.96712273999506, -37.79897960292701], ""type"": ""Point""}",0,8.32735258,130,Signage,Sign - Public Transport,14049,1370845,106140,Sign - Public Transport 1 Panel,1370845,20532,Sign - Public Transport 1 Panel Bus Stop Type 12,P.16
"-37.79961584739574, 144.91827834668223","{""coordinates"": [144.91827834668223, -37.79961584739574], ""type"": ""Point""}",0,17.52910793,229,Signage,Sign - Public Transport,14275,1270274,105222,Sign - Public Transport 1 Panel,1270274,21843,Sign - Public Transport 1 Panel Bus Stop Type 12,P.16
"-37.8000216853513, 144.9595076126765","{""coordinates"": [144.9595076126765, -37.8000216853513], ""type"": ""Point""}",0,29.30671836,303,Signage,Sign - Public Transport,14552,1575589,502495,Sign - Public Transport 1 Panel,1575589,20850,Sign - Public Transport 1 Panel Bus Stop Type 1,P.16
"-37.82475002978367, 144.97082237553545","{""coordinates"": [144.97082237553545, -37.82475002978367], ""type"": ""Point""}",0,33.41957061,206,Signage,Sign - Public Transport,14828,1239405,540076,Sign - Public Transport 1 Panel,1239405,22466,Sign - Public Transport 1 Panel Bus Stop Type 8,P.16
"-37.81172390817975, 144.95668033737152","{""coordinates"": [144.95668033737152, -37.81172390817975], ""type"": ""Point""}",0,16.06194587,260,Signage,Sign - Public Transport,15096,1252703,110759,Sign - Public Transport 1 Panel,1252703,22615,Sign - Public Transport 1 Panel Bus Stop Type 8,P.16
"-37.79047682105318, 144.9434649962317","{""coordinates"": [144.9434649962317, -37.79047682105318], ""type"": ""Point""}",0,26.51849472,231,Signage,Sign - Public Transport,15288,1234285,103889,Sign - Public Transport 1 Panel,1234285,22425,Sign - Public Transport 1 Panel Bus Stop Type 8,P.16
"-37.794769078965565, 144.92642079506638","{""coordinates"": [144.92642079506638, -37.794769078965565], ""type"": ""Point""}",0,3.50447999,81,Signage,Sign - Public Transport,15553,1579942,105257,Sign - Public Transport 1 Panel,1579942,21686,Sign - Public Transport 1 Panel Bus Stop Type 1,P.16
"-37.828198029316454, 144.96603931801874","{""coordinates"": [144.96603931801874, -37.828198029316454], ""type"": ""Point""}",0,31.56914297,336,Signage,Sign - Public Transport,15748,1239241,537103,Sign - Public Transport 1 Panel,1239241,22767,Sign - Public Transport 1 Panel Bus Stop Type 8,P.16
"-37.803343440196116, 144.9693670992385","{""coordinates"": [144.9693670992385, -37.803343440196116], ""type"": ""Point""}",0,10.91445028,117,Signage,Sign - Public Transport,16758,1240396,612989,Sign - Public Transport 1 Panel,1240396,20556,Sign - Public Transport 1 Panel Bus Stop Type 3,P.16
"-37.827431112117395, 144.9027175957814","{""coordinates"": [144.9027175957814, -37.827431112117395], ""type"": ""Point""}",0,29.33540886,121,Signage,Sign - Public Transport,16854,1244925,580037,Sign - Public Transport 1 Panel,1244925,22168,Sign - Public Transport 1 Panel Bus Stop Type 3,P.16
"-37.81828097717471, 144.96037240676188","{""coordinates"": [144.96037240676188, -37.81828097717471], ""type"": ""Point""}",0,23.13283467,276,Signage,Sign - Public Transport,17385,1245353,559046,Sign - Public Transport 1 Panel,1245353,20133,Sign - Public Transport 1 Panel Bus Stop Type 8,P.16
"-37.8237568776443, 144.92164221918702","{""coordinates"": [144.92164221918702, -37.8237568776443], ""type"": ""Point""}",0,0.0,0,Signage,Sign - Public Transport,18023,1245023,0,Sign - Public Transport 1 Panel,1245023,22159,Sign - Public Transport 1 Panel Bus Stop Type 3,P.16
"-37.83050250727819, 144.97139274185386","{""coordinates"": [144.97139274185386, -37.83050250727819], ""type"": ""Point""}",0,0.0,0,Signage,Sign - Public Transport,18285,1249163,0,Sign - Public Transport 1 Panel,1249163,22467,Sign - Public Transport 1 Panel Bus Stop Type 8,P.16
"-37.79525280570435, 144.9752954554172","{""coordinates"": [144.9752954554172, -37.79525280570435], ""type"": ""Point""}",0,14.87211663,189,Signage,Sign - Public Transport,18998,1247685,517620,Sign - Public Transport 1 Panel,1247685,20884,Sign - Public Transport 1 Panel Bus Stop Type 8,P.16
"-37.79412517227246, 144.96802316787404","{""coordinates"": [144.96802316787404, -37.79412517227246], ""type"": ""Point""}",0,43.65971255,133,Signage,Sign - Public Transport,19137,1247850,522611,Sign - Public Transport 1 Panel,1247850,20538,Sign - Public Transport 1 Panel Bus Stop Type 8,P.16
"-37.79854435502073, 144.95795135251927","{""coordinates"": [144.95795135251927, -37.79854435502073], ""type"": ""Point""}",0,51.88217484,77,Signage,Sign - Public Transport,19870,1579933,638052,Sign - Public Transport 1 Panel,1579933,22514,Sign - Public Transport 1 Panel Bus Stop Type 1,P.16
"-37.81759594129376, 144.96174844051686","{""coordinates"": [144.96174844051686, -37.81759594129376], ""type"": ""Point""}",0,10.64392282,126,Signage,Sign - Public Transport,19878,1268440,527371,Sign - Public Transport 1 Panel,1268440,20171,Sign - Public Transport 1 Panel Bus Stop Type 13,P.16
"-37.81899391883097, 144.9617683754036","{""coordinates"": [144.9617683754036, -37.81899391883097], ""type"": ""Point""}",0,33.37655135,300,Signage,Sign - Public Transport,20012,1345094,639653,Sign - Public Transport 1 Panel,1345094,20218,Sign - Public Transport 1 Panel Bus Stop Type 12,P.16
"-37.81383789887729, 144.95159824560972","{""coordinates"": [144.95159824560972, -37.81383789887729], ""type"": ""Point""}",0,29.41202858,0,Signage,Sign - Public Transport,20094,1253832,625441,Sign - Public Transport 1 Panel,1253832,20032,Sign - Public Transport 1 Panel Bus Stop Type 11,P.16
"-37.816192908308494, 144.96110340261552","{""coordinates"": [144.96110340261552, -37.816192908308494], ""type"": ""Point""}",0,33.09135168,133,Signage,Sign - Public Transport,21881,1236752,611679,Sign - Public Transport 1 Panel,1236752,20172,Sign - Public Transport 1 Panel Bus Stop Type 3,P.16
"-37.83864195415242, 144.9863653689292","{""coordinates"": [144.9863653689292, -37.83864195415242], ""type"": ""Point""}",0,3.25234746,226,Signage,Sign - Public Transport,21924,1257489,107813,Sign - Public Transport 1 Panel,1257489,22749,Sign - Public Transport 1 Panel Bus Stop Type 3,P.16
"-37.80707788076467, 144.91339940699515","{""coordinates"": [144.91339940699515, -37.80707788076467], ""type"": ""Point""}",0,14.60443576,80,Signage,Sign - Public Transport,22219,1236367,104045,Sign - Public Transport 1 Panel,1236367,22442,Sign - Public Transport 1 Panel Bus Stop Type 11,P.16
"-37.83358497052535, 144.9776833283757","{""coordinates"": [144.9776833283757, -37.83358497052535], ""type"": ""Point""}",0,0.0,0,Signage,Sign - Public Transport,22522,1254717,0,Sign - Public Transport 1 Panel,1254717,22223,Sign - Public Transport 1 Panel Bus Stop Type 8,P.16
"-37.798108329885295, 144.9578453614485","{""coordinates"": [144.9578453614485, -37.798108329885295], ""type"": ""Point""}",0,22.05054616,6,Signage,Sign - Public Transport,22726,1233949,638052,Sign - Public Transport 1 Panel,1233949,22514,Sign - Public Transport 1 Panel Bus Stop Type 8,P.16
"-37.79491046373402, 144.93370075319825","{""coordinates"": [144.93370075319825, -37.79491046373402], ""type"": ""Point""}",0,5.02859831,306,Signage,Sign - Public Transport,22853,1235383,106306,Sign - Public Transport 1 Panel,1235383,21268,Sign - Public Transport 1 Panel Bus Stop Type 12,P.16
"-37.81570404359276, 144.96116717702685","{""coordinates"": [144.96116717702685, -37.81570404359276], ""type"": ""Point""}",0,9.31682891,317,Signage,Sign - Public Transport,22937,1344528,527822,Sign - Public Transport 1 Panel,1344528,20173,Sign - Public Transport 1 Panel Bus Stop Type 11,P.16
"-37.807098946090186, 144.95582136066648","{""coordinates"": [144.95582136066648, -37.807098946090186], ""type"": ""Point""}",0,20.249339,349,Signage,Sign - Public Transport,22969,1238699,528064,Sign - Public Transport 1 Panel,1238699,22659,Sign - Public Transport 1 Panel Bus Stop Type 8,P.16
"-37.805930935910226, 144.95622134831407","{""coordinates"": [144.95622134831407, -37.805930935910226], ""type"": ""Point""}",0,16.62010184,305,Signage,Sign - Public Transport,23110,1252992,533712,Sign - Public Transport 1 Panel,1252992,22673,Sign - Public Transport 1 Panel Bus Stop Type 8,P.16
"-37.83800607791817, 144.98447444654406","{""coordinates"": [144.98447444654406, -37.83800607791817], ""type"": ""Point""}",0,93.70978639,64,Signage,Sign - Public Transport,23788,1254825,565532,Sign - Public Transport 1 Panel,1254825,22219,Sign - Public Transport 1 Panel Bus Stop Type 8,P.16
"-37.79497661521105, 144.9707989948912","{""coordinates"": [144.9707989948912, -37.79497661521105], ""type"": ""Point""}",0,30.59613969,327,Signage,Sign - Public Transport,23919,1247785,623854,Sign - Public Transport 1 Panel,1247785,20570,Sign - Public Transport 1 Panel Bus Stop Type 3,P.16
"-37.81138987793888, 144.95891148533326","{""coordinates"": [144.95891148533326, -37.81138987793888], ""type"": ""Point""}",0,17.52279116,281,Signage,Sign - Public Transport,23932,1269049,577287,Sign - Public Transport 1 Panel,1269049,20177,Sign - Public Transport 1 Panel Bus Stop Type 13,P.16
"-37.79371580698226, 144.97101530838722","{""coordinates"": [144.97101530838722, -37.79371580698226], ""type"": ""Point""}",0,27.45809261,341,Signage,Sign - Public Transport,24087,1558506,533653,Sign - Public Transport 1 Panel,1558506,20639,Sign - Public Transport 1 Panel Bus Stop Type 1,P.16
"-37.826139892274156, 144.96051538984986","{""coordinates"": [144.96051538984986, -37.826139892274156], ""type"": ""Point""}",0,44.16355082,279,Signage,Sign - Public Transport,25172,1240003,110636,Sign - Public Transport 1 Panel,1240003,22043,Sign - Public Transport 1 Panel Bus Stop Type 8,P.16
"-37.81105987177411, 144.95869339408225","{""coordinates"": [144.95869339408225, -37.81105987177411], ""type"": ""Point""}",0,31.78757985,239,Signage,Sign - Public Transport,26735,1252744,577288,Sign - Public Transport 1 Panel,1252744,20026,Sign - Public Transport 1 Panel Bus Stop Type 8,P.16
"-37.797551357061536, 144.95245038881728","{""coordinates"": [144.95245038881728, -37.797551357061536], ""type"": ""Point""}",0,29.49941527,72,Signage,Sign - Public Transport,26825,1250696,570634,Sign - Public Transport 1 Panel,1250696,22690,Sign - Public Transport 1 Panel Bus Stop Type 8,P.16
"-37.80566084284532, 144.9434254553253","{""coordinates"": [144.9434254553253, -37.80566084284532], ""type"": ""Point""}",0,3.55930387,210,Signage,Sign - Public Transport,27645,1257006,108897,Sign - Public Transport 1 Panel,1257006,21343,Sign - Public Transport 1 Panel Bus Stop Type 13,P.16
"-37.80265362097663, 144.9457021570429","{""coordinates"": [144.9457021570429, -37.80265362097663], ""type"": ""Point""}",0,14.06489762,297,Signage,Sign - Public Transport,28452,1250974,107942,Sign - Public Transport 1 Panel,1250974,21015,Sign - Public Transport 1 Panel Bus Stop Type 8,P.16
"-37.7929305017464, 144.96772679755713","{""coordinates"": [144.96772679755713, -37.7929305017464], ""type"": ""Point""}",0,51.96336041,303,Signage,Sign - Public Transport,28943,1370842,106169,Sign - Public Transport 1 Panel,1370842,20773,Sign - Public Transport 1 Panel Bus Stop Type 12,P.16
"-37.80282843793904, 144.9479395483275","{""coordinates"": [144.9479395483275, -37.80282843793904], ""type"": ""Point""}",0,13.53262428,123,Signage,Sign - Public Transport,29192,1251207,107985,Sign - Public Transport 1 Panel,1251207,21015,Sign - Public Transport 1 Panel Bus Stop Type 8,P.16
"-37.79800228540994, 144.9743090963708","{""coordinates"": [144.9743090963708, -37.79800228540994], ""type"": ""Point""}",0,3.99804952,220,Signage,Sign - Public Transport,30102,1241401,511049,Sign - Public Transport 1 Panel,1241401,20597,Sign - Public Transport 1 Panel Bus Stop Type 3,P.16
"-37.80557177648884, 144.95351041136576","{""coordinates"": [144.95351041136576, -37.80557177648884], ""type"": ""Point""}",0,17.83195393,133,Signage,Sign - Public Transport,30512,1257190,109819,Sign - Public Transport 1 Panel,1257190,20960,Sign - Public Transport 1 Panel Bus Stop Type 8,P.16
"-37.79943557392906, 144.95572044672738","{""coordinates"": [144.95572044672738, -37.79943557392906], ""type"": ""Point""}",0,91.2385968,236,Signage,Sign - Public Transport,31009,1567474,103813,Sign - Public Transport 1 Panel,1567474,21552,Sign - Public Transport 1 Panel Bus Stop Type 8,P.16
"-37.80551491970227, 144.9523962734518","{""coordinates"": [144.9523962734518, -37.80551491970227], ""type"": ""Point""}",0,11.36276208,266,Signage,Sign - Public Transport,31129,1257193,517080,Sign - Public Transport 1 Panel,1257193,20960,Sign - Public Transport 1 Panel Bus Stop Type 8,P.16
"-37.823481893825324, 144.9606983135566","{""coordinates"": [144.9606983135566, -37.823481893825324], ""type"": ""Point""}",0,31.49553995,294,Signage,Sign - Public Transport,31900,1232893,539457,Sign - Public Transport 1 Panel,1232893,22057,Sign - Public Transport 1 Panel Bus Stop Type 8,P.16
"-37.79991202015577, 144.95743395487568","{""coordinates"": [144.95743395487568, -37.79991202015577], ""type"": ""Point""}",0,40.31790809,340,Signage,Sign - Public Transport,32141,1248508,633969,Sign - Public Transport 1 Panel,1248508,21551,Sign - Public Transport 1 Panel Bus Stop Type 8,P.16
"-37.80077767616837, 144.96646752265008","{""coordinates"": [144.96646752265008, -37.80077767616837], ""type"": ""Point""}",0,6.80612614,297,Signage,Sign - Public Transport,32819,1575551,515675,Sign - Public Transport 1 Panel,1575551,20757,Sign - Public Transport 1 Panel Bus Stop Type 1,P.16
"-37.80690391858625, 144.91162832730802","{""coordinates"": [144.91162832730802, -37.80690391858625], ""type"": ""Point""}",0,56.19476538,158,Signage,Sign - Public Transport,33030,1236369,104052,Sign - Public Transport 1 Panel,1236369,22442,Sign - Public Transport 1 Panel Bus Stop Type 11,P.16
"-37.82093926515732, 144.9271057669481","{""coordinates"": [144.9271057669481, -37.82093926515732], ""type"": ""Point""}",0,23.50606673,266,Signage,Sign - Public Transport,33197,1245217,565798,Sign - Public Transport 1 Panel,1245217,22158,Sign - Public Transport 1 Panel Bus Stop Type 3,P.16
"-37.80241749595982, 144.94561852036114","{""coordinates"": [144.94561852036114, -37.80241749595982], ""type"": ""Point""}",0,20.59051418,53,Signage,Sign - Public Transport,33927,1251350,100121,Sign - Public Transport 1 Panel,1251350,22678,Sign - Public Transport 1 Panel Bus Stop Type 8,P.16
"-37.82453811405424, 144.90656156970934","{""coordinates"": [144.90656156970934, -37.82453811405424], ""type"": ""Point""}",0,21.17097381,279,Signage,Sign - Public Transport,34368,1244899,570827,Sign - Public Transport 1 Panel,1244899,22168,Sign - Public Transport 1 Panel Bus Stop Type 3,P.16
"-37.810484001081136, 144.9563024207091","{""coordinates"": [144.9563024207091, -37.810484001081136], ""type"": ""Point""}",0,38.3846679,150,Signage,Sign - Public Transport,35006,1252676,567737,Sign - Public Transport 1 Panel,1252676,22653,Sign - Public Transport 1 Panel Bus Stop Type 11,P.16
"-37.79509600016651, 144.9365369758595","{""coordinates"": [144.9365369758595, -37.79509600016651], ""type"": ""Point""}",0,12.01896372,5,Signage,Sign - Public Transport,35413,1574991,617411,Sign - Public Transport 1 Panel,1574991,21319,Sign - Public Transport 1 Panel Bus Stop Type 4,P.16
"-37.81748417158973, 144.9532635809572","{""coordinates"": [144.9532635809572, -37.81748417158973], ""type"": ""Point""}",0,32.97173638,353,Signage,Sign - Public Transport,35528,1560835,531006,Sign - Public Transport 1 Panel,1560835,20073,Sign - Public Transport 1 Panel Bus Stop Type 1,P.16
"-37.80496835121376, 144.94935083669122","{""coordinates"": [144.94935083669122, -37.80496835121376], ""type"": ""Point""}",0,9.4436089,4,Signage,Sign - Public Transport,36112,1251669,512269,Sign - Public Transport 1 Panel,1251669,20992,Sign - Public Transport 1 Panel Bus Stop Type 8,P.16
"-37.81105987177411, 144.95869339408225","{""coordinates"": [144.95869339408225, -37.81105987177411], ""type"": ""Point""}",0,31.78757985,239,Signage,Sign - Public Transport,36816,1252743,577288,Sign - Public Transport 1 Panel,1252743,20026,Sign - Public Transport 1 Panel Bus Stop Type 8,P.16
"-37.82627995778155, 144.97118333863307","{""coordinates"": [144.97118333863307, -37.82627995778155], ""type"": ""Point""}",0,74.05770302,326,Signage,Sign - Public Transport,37971,1239357,111024,Sign - Public Transport 1 Panel,1239357,22702,Sign - Public Transport 1 Panel Bus Stop Type 11,P.16
"-37.79700526969341, 144.96762216850632","{""coordinates"": [144.96762216850632, -37.79700526969341], ""type"": ""Point""}",0,14.17948582,32,Signage,Sign - Public Transport,38209,1233409,106186,Sign - Public Transport 1 Panel,1233409,20536,Sign - Public Transport 1 Panel Bus Stop Type 8,P.16
"-37.79270227455465, 144.95831424644234","{""coordinates"": [144.95831424644234, -37.79270227455465], ""type"": ""Point""}",0,34.40210408,222,Signage,Sign - Public Transport,38641,1234022,108487,Sign - Public Transport 1 Panel,1234022,22372,Sign - Public Transport 1 Panel Bus Stop Type 8,P.16
"-37.78737016259562, 144.96918092237397","{""coordinates"": [144.96918092237397, -37.78737016259562], ""type"": ""Point""}",0,0.0,0,Signage,Sign - Public Transport,39748,1252536,0,Sign - Public Transport 1 Panel,1252536,22508,Sign - Public Transport 1 Panel Bus Stop Type 8,P.16
"-37.77687767673642, 144.94947531108608","{""coordinates"": [144.94947531108608, -37.77687767673642], ""type"": ""Point""}",0,13.72525672,178,Signage,Sign - Public Transport,40010,1244489,639767,Sign - Public Transport 1 Panel,1244489,22398,Sign - Public Transport 1 Panel Bus Stop Type 8,P.16
"-37.830076314348155, 144.96531772571083","{""coordinates"": [144.96531772571083, -37.830076314348155], ""type"": ""Point""}",0,16.38228,121,Signage,Sign - Public Transport,40427,1239220,110628,Sign - Public Transport 1 Panel,1239220,22118,Sign - Public Transport 1 Panel Bus Stop Type 8,P.16
"-37.82097678869638, 144.92581314868238","{""coordinates"": [144.92581314868238, -37.82097678869638], ""type"": ""Point""}",0,77.3555899,154,Signage,Sign - Public Transport,40450,1245195,562527,Sign - Public Transport 1 Panel,1245195,22156,Sign - Public Transport 1 Panel Bus Stop Type 3,P.16
"-37.796717481892664, 144.94652849185758","{""coordinates"": [144.94652849185758, -37.796717481892664], ""type"": ""Point""}",0,14.59503731,215,Signage,Sign - Public Transport,40643,1249762,565421,Sign - Public Transport 1 Panel,1249762,20907,Sign - Public Transport 1 Panel Bus Stop Type 8,P.16
"-37.84536002766068, 144.982312412603","{""coordinates"": [144.982312412603, -37.84536002766068], ""type"": ""Point""}",0,0.0,0,Signage,Sign - Public Transport,41418,1255285,0,Sign - Public Transport 1 Panel,1255285,22308,Sign - Public Transport 1 Panel Bus Stop Type 8,P.16
"-37.80136463912211, 144.91440645303163","{""coordinates"": [144.91440645303163, -37.80136463912211], ""type"": ""Point""}",0,9.33443244,19,Signage,Sign - Public Transport,41465,1463005,654920,Sign - Public Transport 1 Panel,1463005,21683,Sign - Public Transport 1 Panel Bus Stop Type 3,P.16
"-37.79898487483806, 144.96733940321963","{""coordinates"": [144.96733940321963, -37.79898487483806], ""type"": ""Point""}",0,5.91725485,357,Signage,Sign - Public Transport,42233,1240744,106200,Sign - Public Transport 1 Panel,1240744,20532,Sign - Public Transport 1 Panel Bus Stop Type 3,P.16
"-37.779366174108, 144.9599419065271","{""coordinates"": [144.9599419065271, -37.779366174108], ""type"": ""Point""}",0,20.52678048,180,Signage,Sign - Public Transport,42321,1252370,108524,Sign - Public Transport 1 Panel,1252370,22393,Sign - Public Transport 1 Panel Bus Stop Type 8,P.16
"-37.79582851441957, 144.94131248652099","{""coordinates"": [144.94131248652099, -37.79582851441957], ""type"": ""Point""}",0,23.9508819,78,Signage,Sign - Public Transport,42403,1234772,617311,Sign - Public Transport 1 Panel,1234772,21324,Sign - Public Transport 1 Panel Bus Stop Type 12,P.16
"-37.83302599574912, 144.97445042981525","{""coordinates"": [144.97445042981525, -37.83302599574912], ""type"": ""Point""}",0,0.0,0,Signage,Sign - Public Transport,42804,1253308,0,Sign - Public Transport 1 Panel,1253308,22708,Sign - Public Transport 1 Panel Bus Stop Type 8,P.16
"-37.794951472118605, 144.9469434142297","{""coordinates"": [144.9469434142297, -37.794951472118605], ""type"": ""Point""}",0,10.60437815,6,Signage,Sign - Public Transport,42849,1249797,568083,Sign - Public Transport 1 Panel,1249797,21235,Sign - Public Transport 1 Panel Bus Stop Type 8,P.16
"-37.82467809093513, 144.90658328970764","{""coordinates"": [144.90658328970764, -37.82467809093513], ""type"": ""Point""}",0,5.52892684,283,Signage,Sign - Public Transport,43206,1244896,570827,Sign - Public Transport 1 Panel,1244896,22168,Sign - Public Transport 1 Panel Bus Stop Type 3,P.16
"-37.80516590907756, 144.9660313973566","{""coordinates"": [144.9660313973566, -37.80516590907756], ""type"": ""Point""}",0,13.87881868,251,Signage,Sign - Public Transport,43543,1240253,521664,Sign - Public Transport 1 Panel,1240253,20522,Sign - Public Transport 1 Panel Bus Stop Type 3,P.16
"-37.82089888130361, 144.92152824708276","{""coordinates"": [144.92152824708276, -37.82089888130361], ""type"": ""Point""}",0,25.74692665,352,Signage,Sign - Public Transport,43642,1245203,589044,Sign - Public Transport 1 Panel,1245203,22156,Sign - Public Transport 1 Panel Bus Stop Type 3,P.16
"-37.818314889062094, 144.956839508202","{""coordinates"": [144.956839508202, -37.818314889062094], ""type"": ""Point""}",0,35.87798434,285,Signage,Sign - Public Transport,44101,1268402,105393,Sign - Public Transport 1 Panel,1268402,20118,Sign - Public Transport 1 Panel Bus Stop Type 8,P.16
"-37.81842481335676, 144.96889648633675","{""coordinates"": [144.96889648633675, -37.81842481335676], ""type"": ""Point""}",573333,29.1490529,288,Signage,Sign - Public Transport,749,1249454,606816,Sign - Public Transport 1 Panel,1249454,0,Sign - Public Transport 1 Panel Bus Stop Type 12,P.16
"-37.81767597164006, 144.95888238475013","{""coordinates"": [144.95888238475013, -37.81767597164006], ""type"": ""Point""}",0,10.53790207,105,Signage,Sign - Public Transport,2098,1247042,507646,Sign - Public Transport 1 Panel,1247042,20118,Sign - Public Transport 1 Panel Bus Stop Type 8,P.16
"-37.78188915501449, 144.95963193312105","{""coordinates"": [144.95963193312105, -37.78188915501449], ""type"": ""Point""}",0,25.26964339,212,Signage,Sign - Public Transport,2143,1252383,108510,Sign - Public Transport 1 Panel,1252383,22387,Sign - Public Transport 1 Panel Bus Stop Type 8,P.16
"-37.793726533289785, 144.94716743007305","{""coordinates"": [144.94716743007305, -37.793726533289785], ""type"": ""Point""}",0,44.2305064,237,Signage,Sign - Public Transport,2627,1249788,100087,Sign - Public Transport 1 Panel,1249788,20919,Sign - Public Transport 1 Panel Bus Stop Type 8,P.16
"-37.80286165064241, 144.92778487963457","{""coordinates"": [144.92778487963457, -37.80286165064241], ""type"": ""Point""}",0,67.71855285,360,Signage,Sign - Public Transport,3306,1235311,103002,Sign - Public Transport 1 Panel,1235311,21680,Sign - Public Transport 1 Panel Bus Stop Type 13,P.16
"-37.825617941052066, 144.96024538933693","{""coordinates"": [144.96024538933693, -37.825617941052066], ""type"": ""Point""}",0,27.9777498,81,Signage,Sign - Public Transport,3416,1239919,108053,Sign - Public Transport 1 Panel,1239919,22042,Sign - Public Transport 1 Panel Bus Stop Type 3,P.16
"-37.82825403073943, 144.97139535783998","{""coordinates"": [144.97139535783998, -37.82825403073943], ""type"": ""Point""}",0,0.0,0,Signage,Sign - Public Transport,4934,1239032,0,Sign - Public Transport 1 Panel,1239032,22704,Sign - Public Transport 1 Panel Bus Stop Type 8,P.16
"-37.81810589679171, 144.9619763819388","{""coordinates"": [144.9619763819388, -37.81810589679171], ""type"": ""Point""}",0,42.39381829,331,Signage,Sign - Public Transport,5041,1245405,527935,Sign - Public Transport 1 Panel,1245405,20170,Sign - Public Transport 1 Panel Bus Stop Type 3,P.16
"-37.847587034180215, 144.9797183050512","{""coordinates"": [144.9797183050512, -37.847587034180215], ""type"": ""Point""}",0,49.22846917,73,Signage,Sign - Public Transport,5193,1255275,632373,Sign - Public Transport 1 Panel,1255275,22477,Sign - Public Transport 1 Panel Bus Stop Type 8,P.16
"-37.82375108048519, 144.96722832469055","{""coordinates"": [144.96722832469055, -37.82375108048519], ""type"": ""Point""}",0,24.45502112,231,Signage,Sign - Public Transport,5935,1239562,567779,Sign - Public Transport 1 Panel,1239562,22121,Sign - Public Transport 1 Panel Bus Stop Type 8,P.16
"-37.78077459328419, 144.95138857277198","{""coordinates"": [144.95138857277198, -37.78077459328419], ""type"": ""Point""}",107426,55.8251505,306,Signage,Sign - Public Transport,7176,1244570,111342,Sign - Public Transport 1 Panel,1244570,0,Sign - Public Transport 1 Panel Bus Stop Type 8,P.16
"-37.811942864580594, 144.95642939829426","{""coordinates"": [144.95642939829426, -37.811942864580594], ""type"": ""Point""}",0,20.7363648,26,Signage,Sign - Public Transport,7511,1237106,110759,Sign - Public Transport 1 Panel,1237106,20187,Sign - Public Transport 1 Panel Bus Stop Type 8,P.16
"-37.82793320904311, 144.90887617925307","{""coordinates"": [144.90887617925307, -37.82793320904311], ""type"": ""Point""}",0,36.91007002,100,Signage,Sign - Public Transport,7599,1370841,586084,Sign - Public Transport 1 Panel,1370841,22170,Sign - Public Transport 1 Panel Bus Stop Type 3,P.16
"-37.8308611221107, 144.98773132067197","{""coordinates"": [144.98773132067197, -37.8308611221107], ""type"": ""Point""}",0,18.44609056,164,Signage,Sign - Public Transport,7976,1248838,111334,Sign - Public Transport 1 Panel,1248838,22270,Sign - Public Transport 1 Panel Bus Stop Type 3,P.16
"-37.80945090290274, 144.95544640306295","{""coordinates"": [144.95544640306295, -37.80945090290274], ""type"": ""Point""}",0,55.72755559,72,Signage,Sign - Public Transport,8096,1238690,580931,Sign - Public Transport 1 Panel,1238690,21528,Sign - Public Transport 1 Panel Bus Stop Type 8,P.16
"-37.79564672738665, 144.92489593979033","{""coordinates"": [144.92489593979033, -37.79564672738665], ""type"": ""Point""}",0,10.9475722,204,Signage,Sign - Public Transport,8935,1235519,568579,Sign - Public Transport 1 Panel,1235519,21749,Sign - Public Transport 1 Panel Bus Stop Type 12,P.16
"-37.82725097105045, 144.95787041193037","{""coordinates"": [144.95787041193037, -37.82725097105045], ""type"": ""Point""}",0,37.24941515,357,Signage,Sign - Public Transport,9970,1232670,664059,Sign - Public Transport 1 Panel,1232670,22016,Sign - Public Transport 1 Panel Bus Stop Type 8,P.16
"-37.805396239323905, 144.9520285962586","{""coordinates"": [144.9520285962586, -37.805396239323905], ""type"": ""Point""}",0,11.15153124,93,Signage,Sign - Public Transport,11093,1257205,533907,Sign - Public Transport 1 Panel,1257205,20979,Sign - Public Transport 1 Panel Bus Stop Type 8,P.16
"-37.79905748382394, 144.93989360176752","{""coordinates"": [144.93989360176752, -37.79905748382394], ""type"": ""Point""}",0,89.61471514,138,Signage,Sign - Public Transport,11651,1234690,104492,Sign - Public Transport 1 Panel,1234690,21297,Sign - Public Transport 1 Panel Bus Stop Type 5,P.16
"-37.790425430580804, 144.94352558479113","{""coordinates"": [144.94352558479113, -37.790425430580804], ""type"": ""Point""}",0,30.53653951,68,Signage,Sign - Public Transport,12044,1234310,525732,Sign - Public Transport 1 Panel,1234310,22425,Sign - Public Transport 1 Panel Bus Stop Type 8,P.16
"-37.79085700678597, 144.92008961006658","{""coordinates"": [144.92008961006658, -37.79085700678597], ""type"": ""Point""}",0,67.5880428,284,Signage,Sign - Public Transport,12481,1370761,106847,Sign - Public Transport 1 Panel,1370761,22790,Sign - Public Transport 1 Panel Bus Stop Type 3,P.16
"-37.800456485496696, 144.96510004696515","{""coordinates"": [144.96510004696515, -37.800456485496696], ""type"": ""Point""}",0,28.06452572,292,Signage,Sign - Public Transport,12890,1575501,597172,Sign - Public Transport 1 Panel,1575501,22506,Sign - Public Transport 1 Panel Bus Stop Type 1,P.16
"-37.790034182492505, 144.95863808667602","{""coordinates"": [144.95863808667602, -37.790034182492505], ""type"": ""Point""}",0,21.00980919,175,Signage,Sign - Public Transport,13187,1252413,529024,Sign - Public Transport 1 Panel,1252413,22374,Sign - Public Transport 1 Panel Bus Stop Type 8,P.16
"-37.841136944254906, 144.97738137656336","{""coordinates"": [144.97738137656336, -37.841136944254906], ""type"": ""Point""}",0,60.55753669,82,Signage,Sign - Public Transport,13233,1255117,545615,Sign - Public Transport 1 Panel,1255117,22474,Sign - Public Transport 1 Panel Bus Stop Type 8,P.16
"-37.84881806234022, 144.98441939922859","{""coordinates"": [144.98441939922859, -37.84881806234022], ""type"": ""Point""}",0,0.0,0,Signage,Sign - Public Transport,13548,1255236,0,Sign - Public Transport 1 Panel,1255236,22480,Sign - Public Transport 1 Panel Bus Stop Type 3,P.16
"-37.82961907563178, 144.96406241965494","{""coordinates"": [144.96406241965494, -37.82961907563178], ""type"": ""Point""}",0,73.04996609,115,Signage,Sign - Public Transport,13942,1239189,537240,Sign - Public Transport 1 Panel,1239189,22459,Sign - Public Transport 1 Panel Bus Stop Type 8,P.16
"-37.802508730068354, 144.92456498204757","{""coordinates"": [144.92456498204757, -37.802508730068354], ""type"": ""Point""}",0,35.14735701,162,Signage,Sign - Public Transport,13987,1235307,110970,Sign - Public Transport 1 Panel,1235307,21680,Sign - Public Transport 1 Panel Bus Stop Type 13,P.16
"-37.79262854511814, 144.9682820983283","{""coordinates"": [144.9682820983283, -37.79262854511814], ""type"": ""Point""}",0,19.15980501,348,Signage,Sign - Public Transport,14196,1247820,555950,Sign - Public Transport 1 Panel,1247820,20540,Sign - Public Transport 1 Panel Bus Stop Type 8,P.16
"-37.80231431723276, 144.96676746744464","{""coordinates"": [144.96676746744464, -37.80231431723276], ""type"": ""Point""}",0,5.70821032,360,Signage,Sign - Public Transport,14622,1260438,627281,Sign - Public Transport 1 Panel,1260438,20528,Sign - Public Transport 1 Panel Bus Stop Type 11,P.16
"-37.8006162471606, 144.9665441831767","{""coordinates"": [144.9665441831767, -37.8006162471606], ""type"": ""Point""}",0,11.23104145,140,Signage,Sign - Public Transport,15525,1233165,545460,Sign - Public Transport 1 Panel,1233165,20757,Sign - Public Transport 1 Panel Bus Stop Type 12,P.16
"-37.82069471465366, 144.92473362878667","{""coordinates"": [144.92473362878667, -37.82069471465366], ""type"": ""Point""}",0,9.08151028,51,Signage,Sign - Public Transport,15587,1245209,637267,Sign - Public Transport 1 Panel,1245209,22156,Sign - Public Transport 1 Panel Bus Stop Type 3,P.16
"-37.8003609261965, 144.97442342241808","{""coordinates"": [144.97442342241808, -37.8003609261965], ""type"": ""Point""}",0,11.93225984,159,Signage,Sign - Public Transport,15760,1241441,106922,Sign - Public Transport 1 Panel,1241441,20608,Sign - Public Transport 1 Panel Bus Stop Type 8,P.16
"-37.79830746372871, 144.94633943083986","{""coordinates"": [144.94633943083986, -37.79830746372871], ""type"": ""Point""}",0,16.62867695,349,Signage,Sign - Public Transport,16213,1249814,516357,Sign - Public Transport 1 Panel,1249814,22517,Sign - Public Transport 1 Panel Bus Stop Type 8,P.16
"-37.825833042409954, 144.9666164228847","{""coordinates"": [144.9666164228847, -37.825833042409954], ""type"": ""Point""}",0,16.64400973,127,Signage,Sign - Public Transport,16400,1272248,110623,Sign - Public Transport 1 Panel,1272248,22121,Sign - Public Transport 1 Panel Bus Stop Type 8,P.16
"-37.804633940884784, 144.9663703776215","{""coordinates"": [144.9663703776215, -37.804633940884784], ""type"": ""Point""}",0,5.94289029,342,Signage,Sign - Public Transport,16844,1240256,522527,Sign - Public Transport 1 Panel,1240256,20524,Sign - Public Transport 1 Panel Bus Stop Type 3,P.16
"-37.83299002899975, 144.97293669624193","{""coordinates"": [144.97293669624193, -37.83299002899975], ""type"": ""Point""}",0,11.54086253,350,Signage,Sign - Public Transport,17605,1254737,639648,Sign - Public Transport 1 Panel,1254737,22708,Sign - Public Transport 1 Panel Bus Stop Type 8,P.16
"-37.80111524772101, 144.96674878780823","{""coordinates"": [144.96674878780823, -37.80111524772101], ""type"": ""Point""}",0,5.22849577,179,Signage,Sign - Public Transport,17860,1240314,106109,Sign - Public Transport 1 Panel,1240314,20530,Sign - Public Transport 1 Panel Bus Stop Type 3,P.16
"-37.82403291338346, 144.97056844604276","{""coordinates"": [144.97056844604276, -37.82403291338346], ""type"": ""Point""}",0,39.68297552,206,Signage,Sign - Public Transport,19359,1345004,540075,Sign - Public Transport 1 Panel,1345004,22466,Sign - Public Transport 1 Panel Bus Stop Type 12,P.16
"-37.79776685417041, 144.97031833233382","{""coordinates"": [144.97031833233382, -37.79776685417041], ""type"": ""Point""}",0,19.03739399,101,Signage,Sign - Public Transport,19576,1240886,103091,Sign - Public Transport 1 Panel,1240886,20563,Sign - Public Transport 1 Panel Bus Stop Type 3,P.16
"-37.8047924247435, 144.969120352164","{""coordinates"": [144.969120352164, -37.8047924247435], ""type"": ""Point""}",0,5.69670571,226,Signage,Sign - Public Transport,20050,1545853,633312,Sign - Public Transport 1 Panel,1545853,20556,Sign - Public Transport 1 Panel Bus Stop Type 3,P.16
"-37.80752888103373, 144.91363137005712","{""coordinates"": [144.91363137005712, -37.80752888103373], ""type"": ""Point""}",0,66.68350924,106,Signage,Sign - Public Transport,20953,1236313,104045,Sign - Public Transport 1 Panel,1236313,22442,Sign - Public Transport 1 Panel Bus Stop Type 11,P.16
"-37.810346877102674, 144.96112338314163","{""coordinates"": [144.96112338314163, -37.810346877102674], ""type"": ""Point""}",0,16.41454879,161,Signage,Sign - Public Transport,20994,1238871,660997,Sign - Public Transport 1 Panel,1238871,20024,Sign - Public Transport 1 Panel Bus Stop Type 8,P.16
"-37.799621670449625, 144.95568431062944","{""coordinates"": [144.95568431062944, -37.799621670449625], ""type"": ""Point""}",0,73.19158958,228,Signage,Sign - Public Transport,21274,1243850,103813,Sign - Public Transport 1 Panel,1243850,21552,Sign - Public Transport 1 Panel Bus Stop Type 12,P.16
"-37.80682386961907, 144.96904254818034","{""coordinates"": [144.96904254818034, -37.80682386961907], ""type"": ""Point""}",0,36.15343504,132,Signage,Sign - Public Transport,21835,1479415,108148,Sign - Public Transport 1 Panel,1479415,20554,Sign - Public Transport 1 Panel Bus Stop Type 3,P.16
"-37.802167832666704, 144.92008136652066","{""coordinates"": [144.92008136652066, -37.802167832666704], ""type"": ""Point""}",0,44.65559859,182,Signage,Sign - Public Transport,22493,1235277,102993,Sign - Public Transport 1 Panel,1235277,21680,Sign - Public Transport 1 Panel Bus Stop Type 13,P.16
"-37.81888176511253, 144.95412220092587","{""coordinates"": [144.95412220092587, -37.81888176511253], ""type"": ""Point""}",0,14.34503015,58,Signage,Sign - Public Transport,22674,1246970,579287,Sign - Public Transport 1 Panel,1246970,20071,Sign - Public Transport 1 Panel Bus Stop Type 8,P.16
"-37.79706577834771, 144.9224359882637","{""coordinates"": [144.9224359882637, -37.79706577834771], ""type"": ""Point""}",0,2.93490477,152,Signage,Sign - Public Transport,22943,1235525,111424,Sign - Public Transport 1 Panel,1235525,21844,Sign - Public Transport 1 Panel Bus Stop Type 12,P.16
"-37.81667022216065, 144.96132496344865","{""coordinates"": [144.96132496344865, -37.81667022216065], ""type"": ""Point""}",0,21.09407353,122,Signage,Sign - Public Transport,23701,1268450,527384,Sign - Public Transport 1 Panel,1268450,20172,Sign - Public Transport 1 Panel Bus Stop Type 3,P.16
"-37.817622931042806, 144.95934733314024","{""coordinates"": [144.95934733314024, -37.817622931042806], ""type"": ""Point""}",0,19.75039184,99,Signage,Sign - Public Transport,23793,1236804,102122,Sign - Public Transport 1 Panel,1236804,22612,Sign - Public Transport 1 Panel Bus Stop Type 8,P.16
"-37.79412896547033, 144.96811766271057","{""coordinates"": [144.96811766271057, -37.79412896547033], ""type"": ""Point""}",0,49.91185911,140,Signage,Sign - Public Transport,26046,1233408,522611,Sign - Public Transport 1 Panel,1233408,20538,Sign - Public Transport 1 Panel Bus Stop Type 8,P.16
"-37.79862363935187, 144.9467915427181","{""coordinates"": [144.9467915427181, -37.79862363935187], ""type"": ""Point""}",0,27.65118958,79,Signage,Sign - Public Transport,26601,1249933,516364,Sign - Public Transport 1 Panel,1249933,21168,Sign - Public Transport 1 Panel Bus Stop Type 12,P.16
"-37.80823830232059, 144.94862350162495","{""coordinates"": [144.94862350162495, -37.80823830232059], ""type"": ""Point""}",0,26.06071423,124,Signage,Sign - Public Transport,27002,1256151,108936,Sign - Public Transport 1 Panel,1256151,21651,Sign - Public Transport 1 Panel Bus Stop Type 11,P.16
"-37.82087887649734, 144.91896726226324","{""coordinates"": [144.91896726226324, -37.82087887649734], ""type"": ""Point""}",0,26.25523043,307,Signage,Sign - Public Transport,27090,1244979,110514,Sign - Public Transport 1 Panel,1244979,30638,Sign - Public Transport 1 Panel Bus Stop Type 3,P.16
"-37.797326843071275, 144.97009551587823","{""coordinates"": [144.97009551587823, -37.797326843071275], ""type"": ""Point""}",0,3.89843097,117,Signage,Sign - Public Transport,27502,1240877,511185,Sign - Public Transport 1 Panel,1240877,20817,Sign - Public Transport 1 Panel Bus Stop Type 3,P.16
"-37.78267580200046, 144.91666362113003","{""coordinates"": [144.91666362113003, -37.78267580200046], ""type"": ""Point""}",0,0.0,0,Signage,Sign - Public Transport,27517,1235927,0,Sign - Public Transport 1 Panel,1235927,22526,Sign - Public Transport 1 Panel Bus Stop Type 8,P.16
"-37.792410297921826, 144.95854327429197","{""coordinates"": [144.95854327429197, -37.792410297921826], ""type"": ""Point""}",0,57.00969655,177,Signage,Sign - Public Transport,27861,1252307,515020,Sign - Public Transport 1 Panel,1252307,22372,Sign - Public Transport 1 Panel Bus Stop Type 8,P.16
"-37.822473896289935, 144.92102531585414","{""coordinates"": [144.92102531585414, -37.822473896289935], ""type"": ""Point""}",0,29.14846488,340,Signage,Sign - Public Transport,27899,1245081,605711,Sign - Public Transport 1 Panel,1245081,22159,Sign - Public Transport 1 Panel Bus Stop Type 3,P.16
"-37.825538170533164, 144.95708428770402","{""coordinates"": [144.95708428770402, -37.825538170533164], ""type"": ""Point""}",0,25.28253381,265,Signage,Sign - Public Transport,27939,1232702,622450,Sign - Public Transport 1 Panel,1232702,22454,Sign - Public Transport 1 Panel Bus Stop Type 8,P.16
"-37.821119897739464, 144.91851629868225","{""coordinates"": [144.91851629868225, -37.821119897739464], ""type"": ""Point""}",0,8.35595267,225,Signage,Sign - Public Transport,28604,1244962,110512,Sign - Public Transport 1 Panel,1244962,22162,Sign - Public Transport 1 Panel Bus Stop Type 3,P.16
"-37.81172390817975, 144.95668033737152","{""coordinates"": [144.95668033737152, -37.81172390817975], ""type"": ""Point""}",0,16.06194587,260,Signage,Sign - Public Transport,28872,1252702,110759,Sign - Public Transport 1 Panel,1252702,22615,Sign - Public Transport 1 Panel Bus Stop Type 8,P.16
"-37.827796021172645, 144.90881358787925","{""coordinates"": [144.90881358787925, -37.827796021172645], ""type"": ""Point""}",0,21.27898891,91,Signage,Sign - Public Transport,28960,1244795,586084,Sign - Public Transport 1 Panel,1244795,22170,Sign - Public Transport 1 Panel Bus Stop Type 3,P.16
"-37.795210432231336, 144.9362942830282","{""coordinates"": [144.9362942830282, -37.795210432231336], ""type"": ""Point""}",0,18.1287082,75,Signage,Sign - Public Transport,29970,1234750,633265,Sign - Public Transport 1 Panel,1234750,21287,Sign - Public Transport 1 Panel Bus Stop Type 12,P.16
"-37.795862870670625, 144.97092135820924","{""coordinates"": [144.97092135820924, -37.795862870670625], ""type"": ""Point""}",0,3.07870395,7,Signage,Sign - Public Transport,30678,1233403,108238,Sign - Public Transport 1 Panel,1233403,20567,Sign - Public Transport 1 Panel Bus Stop Type 3,P.16
"-37.82314198554255, 144.96463636128402","{""coordinates"": [144.96463636128402, -37.82314198554255], ""type"": ""Point""}",0,34.57360473,212,Signage,Sign - Public Transport,30763,1239717,557088,Sign - Public Transport 1 Panel,1239717,22073,Sign - Public Transport 1 Panel Bus Stop Type 11,P.16
"-37.80067995380995, 144.96981348058867","{""coordinates"": [144.96981348058867, -37.80067995380995], ""type"": ""Point""}",0,5.58301084,149,Signage,Sign - Public Transport,31576,1479417,528486,Sign - Public Transport 1 Panel,1479417,20561,Sign - Public Transport 1 Panel Bus Stop Type 3,P.16
"-37.78068129995275, 144.95126818156393","{""coordinates"": [144.95126818156393, -37.78068129995275], ""type"": ""Point""}",0,70.43672599,308,Signage,Sign - Public Transport,31742,1244569,111342,Sign - Public Transport 1 Panel,1244569,30708,Sign - Public Transport 1 Panel Bus Stop Type 8,P.16
"-37.80432561240479, 144.96947035841606","{""coordinates"": [144.96947035841606, -37.80432561240479], ""type"": ""Point""}",0,29.46722145,197,Signage,Sign - Public Transport,31969,1572477,528455,Sign - Public Transport 1 Panel,1572477,20556,Sign - Public Transport 1 Panel Bus Stop Type 1,P.16
"-37.78069264722452, 144.91477250953216","{""coordinates"": [144.91477250953216, -37.78069264722452], ""type"": ""Point""}",0,46.88712984,139,Signage,Sign - Public Transport,33716,1235945,610631,Sign - Public Transport 1 Panel,1235945,22526,Sign - Public Transport 1 Panel Bus Stop Type 8,P.16
"-37.829554112192, 144.9010255967418","{""coordinates"": [144.9010255967418, -37.829554112192], ""type"": ""Point""}",0,8.33871417,322,Signage,Sign - Public Transport,33860,1244930,111216,Sign - Public Transport 1 Panel,1244930,22168,Sign - Public Transport 1 Panel Bus Stop Type 3,P.16
"-37.788531996187324, 144.93353392781896","{""coordinates"": [144.93353392781896, -37.788531996187324], ""type"": ""Point""}",0,16.54048663,314,Signage,Sign - Public Transport,34498,1569615,619171,Sign - Public Transport 1 Panel,1569615,23140,Sign - Public Transport 1 Panel Bus Stop Type 11,P.16
"-37.81178098838014, 144.9561942988128","{""coordinates"": [144.9561942988128, -37.81178098838014], ""type"": ""Point""}",0,40.68803565,348,Signage,Sign - Public Transport,35532,1252894,110759,Sign - Public Transport 1 Panel,1252894,20028,Sign - Public Transport 1 Panel Bus Stop Type 8,P.16
"-37.79733528507864, 144.96751272850565","{""coordinates"": [144.96751272850565, -37.79733528507864], ""type"": ""Point""}",0,14.94684087,183,Signage,Sign - Public Transport,35668,1240772,521784,Sign - Public Transport 1 Panel,1240772,20534,Sign - Public Transport 1 Panel Bus Stop Type 3,P.16
"-37.79784952551261, 144.94139186459046","{""coordinates"": [144.94139186459046, -37.79784952551261], ""type"": ""Point""}",0,33.07308528,8,Signage,Sign - Public Transport,35830,1574565,522795,Sign - Public Transport 1 Panel,1574565,21329,Sign - Public Transport 1 Panel Bus Stop Type 1,P.16
"-37.818777568156314, 144.98186969479318","{""coordinates"": [144.98186969479318, -37.818777568156314], ""type"": ""Point""}",110266,40.75558103,112,Signage,Sign - Public Transport,36148,1372123,105145,Sign - Public Transport 1 Panel,1372123,0,Sign - Public Transport 1 Panel Bus Stop Type 1,P.16
"-37.80039992301755, 144.91665597967068","{""coordinates"": [144.91665597967068, -37.80039992301755], ""type"": ""Point""}",0,9.09274969,201,Signage,Sign - Public Transport,36691,1235552,628200,Sign - Public Transport 1 Panel,1235552,21843,Sign - Public Transport 1 Panel Bus Stop Type 12,P.16
"-37.823547652422064, 144.96847951664122","{""coordinates"": [144.96847951664122, -37.823547652422064], ""type"": ""Point""}",0,0.0,0,Signage,Sign - Public Transport,36833,1344518,0,Sign - Public Transport 1 Panel,1344518,22080,Sign - Public Transport 1 Panel Bus Stop Type 11,P.16
"-37.798900728955765, 144.94922621224848","{""coordinates"": [144.94922621224848, -37.798900728955765], ""type"": ""Point""}",0,7.78996688,331,Signage,Sign - Public Transport,36903,1581811,104577,Sign - Public Transport 1 Panel,1581811,21148,Sign - Public Transport 1 Panel Bus Stop Type 1,P.16
"-37.80294344100893, 144.94833854164688","{""coordinates"": [144.94833854164688, -37.80294344100893], ""type"": ""Point""}",0,13.95688103,296,Signage,Sign - Public Transport,37146,1250987,107926,Sign - Public Transport 1 Panel,1250987,20999,Sign - Public Transport 1 Panel Bus Stop Type 8,P.16
"-37.8032564323768, 144.9495344838827","{""coordinates"": [144.9495344838827, -37.8032564323768], ""type"": ""Point""}",0,10.78174874,176,Signage,Sign - Public Transport,37223,1251688,103419,Sign - Public Transport 1 Panel,1251688,20992,Sign - Public Transport 1 Panel Bus Stop Type 8,P.16
"-37.84112272045477, 144.98584971613218","{""coordinates"": [144.98584971613218, -37.84112272045477], ""type"": ""Point""}",0,13.50218119,87,Signage,Sign - Public Transport,37335,1560878,107803,Sign - Public Transport 1 Panel,1560878,22485,Sign - Public Transport 1 Panel Bus Stop Type 3,P.16
"-37.838256978951584, 144.9151365838097","{""coordinates"": [144.9151365838097, -37.838256978951584], ""type"": ""Point""}",0,0.0,0,Signage,Sign - Public Transport,37617,1245260,0,Sign - Public Transport 1 Panel,1245260,22152,Sign - Public Transport 1 Panel Bus Stop Type 3,P.16
"-37.81946791403019, 144.96111643458073","{""coordinates"": [144.96111643458073, -37.81946791403019], ""type"": ""Point""}",0,46.67244465,8,Signage,Sign - Public Transport,37737,1245480,513751,Sign - Public Transport 1 Panel,1245480,20219,Sign - Public Transport 1 Panel Bus Stop Type 8,P.16
"-37.807560935966926, 144.91815632059857","{""coordinates"": [144.91815632059857, -37.807560935966926], ""type"": ""Point""}",0,14.67984639,75,Signage,Sign - Public Transport,37840,1236357,514440,Sign - Public Transport 1 Panel,1236357,22440,Sign - Public Transport 1 Panel Bus Stop Type 11,P.16
"-37.794106459808795, 144.94708934299945","{""coordinates"": [144.94708934299945, -37.794106459808795], ""type"": ""Point""}",0,18.82231189,179,Signage,Sign - Public Transport,38019,1249790,100086,Sign - Public Transport 1 Panel,1249790,21235,Sign - Public Transport 1 Panel Bus Stop Type 8,P.16
"-37.8137522630152, 144.96027134357547","{""coordinates"": [144.96027134357547, -37.8137522630152], ""type"": ""Point""}",0,27.03952622,200,Signage,Sign - Public Transport,38355,1231165,655044,Sign - Public Transport 1 Panel,1231165,20175,Sign - Public Transport 1 Panel Bus Stop Type 3,P.16
"-37.81696691132416, 144.96133145497072","{""coordinates"": [144.96133145497072, -37.81696691132416], ""type"": ""Point""}",0,26.55992118,177,Signage,Sign - Public Transport,39405,1236802,507826,Sign - Public Transport 1 Panel,1236802,20116,Sign - Public Transport 1 Panel Bus Stop Type 8,P.16
"-37.795521349230825, 144.9581692891698","{""coordinates"": [144.9581692891698, -37.795521349230825], ""type"": ""Point""}",0,39.14668738,171,Signage,Sign - Public Transport,40097,1233956,108457,Sign - Public Transport 1 Panel,1233956,22363,Sign - Public Transport 1 Panel Bus Stop Type 8,P.16
"-37.80299443103376, 144.94943962445097","{""coordinates"": [144.94943962445097, -37.80299443103376], ""type"": ""Point""}",0,13.28562306,115,Signage,Sign - Public Transport,40452,1251191,107995,Sign - Public Transport 1 Panel,1251191,20999,Sign - Public Transport 1 Panel Bus Stop Type 8,P.16
"-37.79564535738303, 144.95795134835055","{""coordinates"": [144.95795134835055, -37.79564535738303], ""type"": ""Point""}",0,22.21865455,158,Signage,Sign - Public Transport,40559,1234035,108456,Sign - Public Transport 1 Panel,1234035,22603,Sign - Public Transport 1 Panel Bus Stop Type 8,P.16
"-37.82578298451381, 144.96669743933597","{""coordinates"": [144.96669743933597, -37.82578298451381], ""type"": ""Point""}",0,18.61160337,156,Signage,Sign - Public Transport,40660,1272266,110623,Sign - Public Transport 1 Panel,1272266,22121,Sign - Public Transport 1 Panel Bus Stop Type 8,P.16
"-37.81496421167442, 144.9523146850266","{""coordinates"": [144.9523146850266, -37.81496421167442], ""type"": ""Point""}",0,25.38230139,242,Signage,Sign - Public Transport,40960,1253845,611234,Sign - Public Transport 1 Panel,1253845,20077,Sign - Public Transport 1 Panel Bus Stop Type 8,P.16
"-37.79763449349572, 144.9709158095715","{""coordinates"": [144.9709158095715, -37.79763449349572], ""type"": ""Point""}",0,2.64726141,258,Signage,Sign - Public Transport,42605,1241059,511095,Sign - Public Transport 1 Panel,1241059,20654,Sign - Public Transport 1 Panel Bus Stop Type 3,P.16
"-37.79898487483806, 144.96733940321963","{""coordinates"": [144.96733940321963, -37.79898487483806], ""type"": ""Point""}",0,5.91725485,357,Signage,Sign - Public Transport,42754,1240745,106200,Sign - Public Transport 1 Panel,1240745,20532,Sign - Public Transport 1 Panel Bus Stop Type 5,P.16
"-37.81529037403164, 144.9606866865898","{""coordinates"": [144.9606866865898, -37.81529037403164], ""type"": ""Point""}",0,44.09439435,176,Signage,Sign - Public Transport,42844,1344536,544334,Sign - Public Transport 1 Panel,1344536,20173,Sign - Public Transport 1 Panel Bus Stop Type 3,P.16
"-37.81492845640428, 144.95267349910375","{""coordinates"": [144.95267349910375, -37.81492845640428], ""type"": ""Point""}",0,27.72235502,305,Signage,Sign - Public Transport,42863,1373482,110703,Sign - Public Transport 1 Panel,1373482,20014,Sign - Public Transport 1 Panel Bus Stop Type 11,P.16
"-37.82125387877901, 144.9163802885623","{""coordinates"": [144.9163802885623, -37.82125387877901], ""type"": ""Point""}",0,39.08426314,21,Signage,Sign - Public Transport,43242,1244983,627850,Sign - Public Transport 1 Panel,1244983,30638,Sign - Public Transport 1 Panel Bus Stop Type 3,P.16
"-37.818381951580605, 144.95640938337968","{""coordinates"": [144.95640938337968, -37.818381951580605], ""type"": ""Point""}",0,22.6165292,172,Signage,Sign - Public Transport,43437,1247064,587898,Sign - Public Transport 1 Panel,1247064,20120,Sign - Public Transport 1 Panel Bus Stop Type 8,P.16
"-37.809751877544066, 144.95544537030668","{""coordinates"": [144.95544537030668, -37.809751877544066], ""type"": ""Point""}",0,34.30768912,217,Signage,Sign - Public Transport,43508,1252668,102941,Sign - Public Transport 1 Panel,1252668,21529,Sign - Public Transport 1 Panel Bus Stop Type 8,P.16
"-37.78441375631167, 144.9182254956256","{""coordinates"": [144.9182254956256, -37.78441375631167], ""type"": ""Point""}",0,48.49302512,131,Signage,Sign - Public Transport,44125,1235918,613983,Sign - Public Transport 1 Panel,1235918,23201,Sign - Public Transport 1 Panel Bus Stop Type 8,P.16
